[I 2026-07-19 19:09:08,851] Using an existing study with name 'tier1_synth_params' instead of creating a new one.
2026-07-19 19:09:08  loaded study: 10 trials on disk, 0 complete
2026-07-19 19:09:08  n_seeds=3 is likely noisy. Project variance study (Phase 1 §4.4) found n=3 means overstated the true effect by ~22%% vs n=8. TPE will chase noise for the first ~15 trials.
2026-07-19 19:09:08  reconciling 10 RUNNING trial(s) from previous coordinator run
2026-07-19 19:09:08    trial 0: resolved from aggregate.json → objective=0.1432
2026-07-19 19:09:09    trial 1: no usable metrics on disk; marked FAIL
2026-07-19 19:09:09    trial 2: no usable metrics on disk; marked FAIL
2026-07-19 19:09:09    trial 3: no usable metrics on disk; marked FAIL
2026-07-19 19:09:09    trial 4: no usable metrics on disk; marked FAIL
2026-07-19 19:09:09    trial 5: no usable metrics on disk; marked FAIL
2026-07-19 19:09:09    trial 6: no usable metrics on disk; marked FAIL
2026-07-19 19:09:09    trial 7: no usable metrics on disk; marked FAIL
2026-07-19 19:09:09    trial 8: no usable metrics on disk; marked FAIL
2026-07-19 19:09:09    trial 9: no usable metrics on disk; marked FAIL
2026-07-19 19:09:09  after reconciliation: 1 complete
2026-07-19 19:09:09  === batch: 10 trials (of 39 remaining) ===
2026-07-19 19:09:09    suggest trial 10: {'ovary_target': 0.24494481426168352, 'iscs_alpha': 0.9507143064099162, 'iscs_lowpass_sigma': 2.9279757672456204, 'z_smooth_sigma': 0.8979877262955549, 'body_mask': 0, 'hist_match': 1, 'skip_enh': 1}
2026-07-19 19:09:09    suggest trial 11: {'ovary_target': 0.20247013931549632, 'iscs_alpha': 0.9699098521619943, 'iscs_lowpass_sigma': 3.329770563201687, 'z_smooth_sigma': 0.31850866601741423, 'body_mask': 1, 'hist_match': 1, 'skip_enh': 0}
2026-07-19 19:09:09    suggest trial 12: {'ovary_target': 0.2734223473666855, 'iscs_alpha': 0.13949386065204183, 'iscs_lowpass_sigma': 1.1685785941408726, 'z_smooth_sigma': 0.5495427649405376, 'body_mask': 1, 'hist_match': 1, 'skip_enh': 0}
2026-07-19 19:09:09    suggest trial 13: {'ovary_target': 0.2729053822281726, 'iscs_alpha': 0.17052412368729153, 'iscs_lowpass_sigma': 0.26020637194111806, 'z_smooth_sigma': 1.42332830588, 'body_mask': 0, 'hist_match': 0, 'skip_enh': 0}
2026-07-19 19:09:09    suggest trial 14: {'ovary_target': 0.21464458818137347, 'iscs_alpha': 0.4951769101112702, 'iscs_lowpass_sigma': 0.13755408446087358, 'z_smooth_sigma': 1.3639806031181732, 'body_mask': 1, 'hist_match': 1, 'skip_enh': 0}
2026-07-19 19:09:09    suggest trial 15: {'ovary_target': 0.31635015533174704, 'iscs_alpha': 0.7751328233611146, 'iscs_lowpass_sigma': 3.7579957662567565, 'z_smooth_sigma': 1.3422410256414732, 'body_mask': 1, 'hist_match': 1, 'skip_enh': 1}
2026-07-19 19:09:10    suggest trial 16: {'ovary_target': 0.24664127476273784, 'iscs_alpha': 0.2713490317738959, 'iscs_lowpass_sigma': 3.3149500366077174, 'z_smooth_sigma': 0.5351299900403839, 'body_mask': 1, 'hist_match': 1, 'skip_enh': 1}
2026-07-19 19:09:10    suggest trial 17: {'ovary_target': 0.29266937231559886, 'iscs_alpha': 0.1987156815341724, 'iscs_lowpass_sigma': 0.022088468494409597, 'z_smooth_sigma': 1.2231921426822512, 'body_mask': 1, 'hist_match': 0, 'skip_enh': 0}
2026-07-19 19:09:10    suggest trial 18: {'ovary_target': 0.3035724111050712, 'iscs_alpha': 0.6232981268275579, 'iscs_lowpass_sigma': 1.3235920994105967, 'z_smooth_sigma': 0.09533752542903545, 'body_mask': 1, 'hist_match': 0, 'skip_enh': 0}
2026-07-19 19:09:10    suggest trial 19: {'ovary_target': 0.2143513095125962, 'iscs_alpha': 0.713244787222995, 'iscs_lowpass_sigma': 3.0431401944675898, 'z_smooth_sigma': 0.8419157963542443, 'body_mask': 0, 'hist_match': 0, 'skip_enh': 1}
2026-07-19 19:09:10  submitted 30 jobs; polling sacct every 300s
2026-07-19 19:09:10    [wait] 30/30 still running, sleeping 300s
2026-07-19 19:14:10    [wait] 30/30 still running, sleeping 300s
2026-07-19 19:19:10    [wait] 30/30 still running, sleeping 300s
2026-07-19 19:24:10    [wait] 30/30 still running, sleeping 300s
2026-07-19 19:29:10    [wait] 30/30 still running, sleeping 300s
2026-07-19 19:34:11    [wait] 30/30 still running, sleeping 300s
2026-07-19 19:39:11    [wait] 30/30 still running, sleeping 300s
2026-07-19 19:44:11    [wait] 30/30 still running, sleeping 300s
2026-07-19 19:49:11    [wait] 30/30 still running, sleeping 300s
2026-07-19 19:54:11    [wait] 30/30 still running, sleeping 300s
2026-07-19 19:59:11    [wait] 30/30 still running, sleeping 300s
2026-07-19 20:04:11    [wait] 30/30 still running, sleeping 300s
2026-07-19 20:09:11    [wait] 30/30 still running, sleeping 300s
2026-07-19 20:14:11    [wait] 30/30 still running, sleeping 300s
2026-07-19 20:19:11    [wait] 30/30 still running, sleeping 300s
2026-07-19 20:24:11    [wait] 30/30 still running, sleeping 300s
2026-07-19 20:29:11    [wait] 30/30 still running, sleeping 300s
2026-07-19 20:34:11    [wait] 30/30 still running, sleeping 300s
2026-07-19 20:39:11    [wait] 30/30 still running, sleeping 300s
2026-07-19 20:44:11    [wait] 30/30 still running, sleeping 300s
2026-07-19 20:49:11    [wait] 30/30 still running, sleeping 300s
2026-07-19 20:54:11    [wait] 30/30 still running, sleeping 300s
2026-07-19 20:59:11    [wait] 30/30 still running, sleeping 300s
2026-07-19 21:04:11    [wait] 30/30 still running, sleeping 300s
2026-07-19 21:09:11    [wait] 30/30 still running, sleeping 300s
2026-07-19 21:14:11    [wait] 30/30 still running, sleeping 300s
2026-07-19 21:19:11    [wait] 30/30 still running, sleeping 300s
2026-07-19 21:24:11    [wait] 30/30 still running, sleeping 300s
2026-07-19 21:29:12    [wait] 30/30 still running, sleeping 300s
2026-07-19 21:34:12    [wait] 30/30 still running, sleeping 300s
2026-07-19 21:39:12    [wait] 30/30 still running, sleeping 300s
2026-07-19 21:44:12    [wait] 30/30 still running, sleeping 300s
2026-07-19 21:49:12    [wait] 30/30 still running, sleeping 300s
2026-07-19 21:54:12    [wait] 30/30 still running, sleeping 300s
2026-07-19 21:59:12    [wait] 30/30 still running, sleeping 300s
2026-07-19 22:04:12    [wait] 30/30 still running, sleeping 300s
2026-07-19 22:09:12    [wait] 30/30 still running, sleeping 300s
2026-07-19 22:14:12    [wait] 30/30 still running, sleeping 300s
2026-07-19 22:19:12    [wait] 30/30 still running, sleeping 300s
2026-07-19 22:24:12    [wait] 30/30 still running, sleeping 300s
2026-07-19 22:29:12    [wait] 30/30 still running, sleeping 300s
2026-07-19 22:34:12    [wait] 30/30 still running, sleeping 300s
2026-07-19 22:39:12    [wait] 30/30 still running, sleeping 300s
2026-07-19 22:44:12    [wait] 30/30 still running, sleeping 300s
2026-07-19 22:49:12    [wait] 30/30 still running, sleeping 300s
2026-07-19 22:54:12    [wait] 30/30 still running, sleeping 300s
2026-07-19 22:59:12    [wait] 30/30 still running, sleeping 300s
2026-07-19 23:04:12    [wait] 30/30 still running, sleeping 300s
2026-07-19 23:09:13    [wait] 30/30 still running, sleeping 300s
2026-07-19 23:14:13    [wait] 30/30 still running, sleeping 300s
2026-07-19 23:19:13    [wait] 30/30 still running, sleeping 300s
2026-07-19 23:24:13    [wait] 30/30 still running, sleeping 300s
2026-07-19 23:29:13    [wait] 30/30 still running, sleeping 300s
2026-07-19 23:34:13    [wait] 30/30 still running, sleeping 300s
2026-07-19 23:39:13    [wait] 30/30 still running, sleeping 300s
2026-07-19 23:44:13    [wait] 30/30 still running, sleeping 300s
2026-07-19 23:49:13    [wait] 30/30 still running, sleeping 300s
2026-07-19 23:54:13    [wait] 30/30 still running, sleeping 300s
2026-07-19 23:59:13    [wait] 30/30 still running, sleeping 300s
2026-07-20 00:04:13    [wait] 30/30 still running, sleeping 300s
2026-07-20 00:09:13    [wait] 30/30 still running, sleeping 300s
2026-07-20 00:14:13    [wait] 30/30 still running, sleeping 300s
2026-07-20 00:19:13    [wait] 30/30 still running, sleeping 300s
2026-07-20 00:24:13    [wait] 30/30 still running, sleeping 300s
2026-07-20 00:29:13    [wait] 30/30 still running, sleeping 300s
2026-07-20 00:34:13    [wait] 30/30 still running, sleeping 300s
2026-07-20 00:39:13    [wait] 30/30 still running, sleeping 300s
2026-07-20 00:44:13    [wait] 30/30 still running, sleeping 300s
2026-07-20 00:49:13    [wait] 29/30 still running, sleeping 300s
2026-07-20 00:54:13    [wait] 29/30 still running, sleeping 300s
2026-07-20 00:59:13    [wait] 29/30 still running, sleeping 300s
2026-07-20 01:04:14    [wait] 29/30 still running, sleeping 300s
2026-07-20 01:09:14    [wait] 29/30 still running, sleeping 300s
2026-07-20 01:14:14    [wait] 29/30 still running, sleeping 300s
2026-07-20 01:19:14    [wait] 29/30 still running, sleeping 300s
2026-07-20 01:24:14    [wait] 29/30 still running, sleeping 300s
2026-07-20 01:29:14    [wait] 29/30 still running, sleeping 300s
2026-07-20 01:34:14    [wait] 29/30 still running, sleeping 300s
2026-07-20 01:39:14    [wait] 29/30 still running, sleeping 300s
2026-07-20 01:44:14    [wait] 29/30 still running, sleeping 300s
2026-07-20 01:49:14    [wait] 29/30 still running, sleeping 300s
2026-07-20 01:54:14    [wait] 29/30 still running, sleeping 300s
2026-07-20 01:59:14    [wait] 29/30 still running, sleeping 300s
2026-07-20 02:04:14    [wait] 29/30 still running, sleeping 300s
2026-07-20 02:09:14    [wait] 29/30 still running, sleeping 300s
2026-07-20 02:14:14    [wait] 29/30 still running, sleeping 300s
2026-07-20 02:19:14    [wait] 29/30 still running, sleeping 300s
2026-07-20 02:24:14    [wait] 29/30 still running, sleeping 300s
2026-07-20 02:29:14    [wait] 29/30 still running, sleeping 300s
2026-07-20 02:34:14    [wait] 29/30 still running, sleeping 300s
2026-07-20 02:39:15    [wait] 29/30 still running, sleeping 300s
2026-07-20 02:44:15    [wait] 29/30 still running, sleeping 300s
2026-07-20 02:49:15    [wait] 29/30 still running, sleeping 300s
2026-07-20 02:54:15    [wait] 29/30 still running, sleeping 300s
2026-07-20 02:59:15    [wait] 29/30 still running, sleeping 300s
2026-07-20 03:04:15    [wait] 29/30 still running, sleeping 300s
2026-07-20 03:09:15    [wait] 29/30 still running, sleeping 300s
2026-07-20 03:14:15    [wait] 29/30 still running, sleeping 300s
2026-07-20 03:19:15    [wait] 29/30 still running, sleeping 300s
2026-07-20 03:24:15    [wait] 29/30 still running, sleeping 300s
2026-07-20 03:29:15    [wait] 29/30 still running, sleeping 300s
2026-07-20 03:34:15    [wait] 29/30 still running, sleeping 300s
2026-07-20 03:39:15    [wait] 29/30 still running, sleeping 300s
2026-07-20 03:44:15    [wait] 29/30 still running, sleeping 300s
2026-07-20 03:49:15    [wait] 29/30 still running, sleeping 300s
2026-07-20 03:54:15    [wait] 29/30 still running, sleeping 300s
2026-07-20 03:59:15    [wait] 29/30 still running, sleeping 300s
2026-07-20 04:04:15    [wait] 29/30 still running, sleeping 300s
2026-07-20 04:09:15    [wait] 29/30 still running, sleeping 300s
2026-07-20 04:14:15    [wait] 29/30 still running, sleeping 300s
2026-07-20 04:19:15    [wait] 29/30 still running, sleeping 300s
2026-07-20 04:24:16    [wait] 29/30 still running, sleeping 300s
2026-07-20 04:29:16    [wait] 29/30 still running, sleeping 300s
2026-07-20 04:34:16    [wait] 29/30 still running, sleeping 300s
2026-07-20 04:39:16    [wait] 29/30 still running, sleeping 300s
2026-07-20 04:44:16    [wait] 29/30 still running, sleeping 300s
2026-07-20 04:49:16    [wait] 29/30 still running, sleeping 300s
2026-07-20 04:54:16    [wait] 29/30 still running, sleeping 300s
2026-07-20 04:59:16    [wait] 29/30 still running, sleeping 300s
2026-07-20 05:04:16    [wait] 29/30 still running, sleeping 300s
2026-07-20 05:09:16    [wait] 29/30 still running, sleeping 300s
2026-07-20 05:14:16    [wait] 28/30 still running, sleeping 300s
2026-07-20 05:19:16    [wait] 27/30 still running, sleeping 300s
2026-07-20 05:24:16    [wait] 27/30 still running, sleeping 300s
2026-07-20 05:29:16    [wait] 27/30 still running, sleeping 300s
2026-07-20 05:34:16    [wait] 27/30 still running, sleeping 300s
2026-07-20 05:39:16    [wait] 27/30 still running, sleeping 300s
2026-07-20 05:44:16    [wait] 27/30 still running, sleeping 300s
2026-07-20 05:49:16    [wait] 27/30 still running, sleeping 300s
2026-07-20 05:54:16    [wait] 27/30 still running, sleeping 300s
2026-07-20 05:59:16    [wait] 27/30 still running, sleeping 300s
2026-07-20 06:04:16    [wait] 27/30 still running, sleeping 300s
2026-07-20 06:09:16    [wait] 27/30 still running, sleeping 300s
2026-07-20 06:14:16    [wait] 27/30 still running, sleeping 300s
2026-07-20 06:19:16    [wait] 27/30 still running, sleeping 300s
2026-07-20 06:24:17    [wait] 27/30 still running, sleeping 300s
2026-07-20 06:29:17    [wait] 27/30 still running, sleeping 300s
2026-07-20 06:34:17    [wait] 27/30 still running, sleeping 300s
2026-07-20 06:39:17    [wait] 26/30 still running, sleeping 300s
2026-07-20 06:44:17    [wait] 26/30 still running, sleeping 300s
2026-07-20 06:49:17    [wait] 26/30 still running, sleeping 300s
2026-07-20 06:54:17    [wait] 26/30 still running, sleeping 300s
2026-07-20 06:59:17    [wait] 26/30 still running, sleeping 300s
2026-07-20 07:04:17    [wait] 26/30 still running, sleeping 300s
2026-07-20 07:09:17    [wait] 26/30 still running, sleeping 300s
2026-07-20 07:14:17    [wait] 26/30 still running, sleeping 300s
2026-07-20 07:19:17    [wait] 26/30 still running, sleeping 300s
2026-07-20 07:24:17    [wait] 26/30 still running, sleeping 300s
2026-07-20 07:29:17    [wait] 26/30 still running, sleeping 300s
2026-07-20 07:34:17    [wait] 26/30 still running, sleeping 300s
2026-07-20 07:39:17    [wait] 26/30 still running, sleeping 300s
2026-07-20 07:44:17    [wait] 26/30 still running, sleeping 300s
2026-07-20 07:49:17    [wait] 26/30 still running, sleeping 300s
2026-07-20 07:54:17    [wait] 26/30 still running, sleeping 300s
2026-07-20 07:59:17    [wait] 26/30 still running, sleeping 300s
2026-07-20 08:04:17    [wait] 26/30 still running, sleeping 300s
2026-07-20 08:09:17    [wait] 26/30 still running, sleeping 300s
2026-07-20 08:14:17    [wait] 26/30 still running, sleeping 300s
2026-07-20 08:19:17    [wait] 26/30 still running, sleeping 300s
2026-07-20 08:24:17    [wait] 26/30 still running, sleeping 300s
2026-07-20 08:29:17    [wait] 26/30 still running, sleeping 300s
2026-07-20 08:34:17    [wait] 26/30 still running, sleeping 300s
2026-07-20 08:39:18    [wait] 26/30 still running, sleeping 300s
2026-07-20 08:44:18    [wait] 26/30 still running, sleeping 300s
2026-07-20 08:49:18    [wait] 26/30 still running, sleeping 300s
2026-07-20 08:54:18    [wait] 26/30 still running, sleeping 300s
2026-07-20 08:59:18    [wait] 26/30 still running, sleeping 300s
2026-07-20 09:04:18    [wait] 26/30 still running, sleeping 300s
2026-07-20 09:09:18    [wait] 26/30 still running, sleeping 300s
2026-07-20 09:14:18    [wait] 26/30 still running, sleeping 300s
2026-07-20 09:19:18    [wait] 26/30 still running, sleeping 300s
2026-07-20 09:24:18    [wait] 26/30 still running, sleeping 300s
2026-07-20 09:29:18    [wait] 26/30 still running, sleeping 300s
2026-07-20 09:34:18    [wait] 26/30 still running, sleeping 300s
2026-07-20 09:39:18    [wait] 26/30 still running, sleeping 300s
2026-07-20 09:44:18    [wait] 26/30 still running, sleeping 300s
2026-07-20 09:49:18    [wait] 26/30 still running, sleeping 300s
2026-07-20 09:54:18    [wait] 26/30 still running, sleeping 300s
2026-07-20 09:59:18    [wait] 26/30 still running, sleeping 300s
2026-07-20 10:04:18    [wait] 26/30 still running, sleeping 300s
2026-07-20 10:09:19    [wait] 26/30 still running, sleeping 300s
2026-07-20 10:14:19    [wait] 26/30 still running, sleeping 300s
2026-07-20 10:19:19    [wait] 26/30 still running, sleeping 300s
2026-07-20 10:24:19    [wait] 26/30 still running, sleeping 300s
2026-07-20 10:29:19    [wait] 26/30 still running, sleeping 300s
2026-07-20 10:34:19    [wait] 26/30 still running, sleeping 300s
2026-07-20 10:39:19    [wait] 26/30 still running, sleeping 300s
2026-07-20 10:44:19    [wait] 26/30 still running, sleeping 300s
2026-07-20 10:49:19    [wait] 26/30 still running, sleeping 300s
2026-07-20 10:54:20    [wait] 26/30 still running, sleeping 300s
2026-07-20 10:59:20    [wait] 26/30 still running, sleeping 300s
2026-07-20 11:04:20    [wait] 26/30 still running, sleeping 300s
2026-07-20 11:09:21    [wait] 26/30 still running, sleeping 300s
2026-07-20 11:14:21    [wait] 26/30 still running, sleeping 300s
2026-07-20 11:19:22    [wait] 26/30 still running, sleeping 300s
2026-07-20 11:24:22    [wait] 26/30 still running, sleeping 300s
2026-07-20 11:29:22    [wait] 26/30 still running, sleeping 300s
2026-07-20 11:34:23    [wait] 26/30 still running, sleeping 300s
2026-07-20 11:39:23    [wait] 26/30 still running, sleeping 300s
2026-07-20 11:44:23    [wait] 26/30 still running, sleeping 300s
2026-07-20 11:49:23    [wait] 26/30 still running, sleeping 300s
2026-07-20 11:54:23    [wait] 26/30 still running, sleeping 300s
2026-07-20 11:59:23    [wait] 26/30 still running, sleeping 300s
2026-07-20 12:04:24    [wait] 26/30 still running, sleeping 300s
2026-07-20 12:09:24    [wait] 26/30 still running, sleeping 300s
2026-07-20 12:14:24    [wait] 26/30 still running, sleeping 300s
2026-07-20 12:19:24    [wait] 26/30 still running, sleeping 300s
2026-07-20 12:24:25    [wait] 26/30 still running, sleeping 300s
2026-07-20 12:29:25    [wait] 26/30 still running, sleeping 300s
2026-07-20 12:34:25    [wait] 26/30 still running, sleeping 300s
2026-07-20 12:39:26    [wait] 26/30 still running, sleeping 300s
2026-07-20 12:44:26    [wait] 26/30 still running, sleeping 300s
2026-07-20 12:49:26    [wait] 26/30 still running, sleeping 300s
2026-07-20 12:54:26    [wait] 26/30 still running, sleeping 300s
2026-07-20 12:59:26    [wait] 26/30 still running, sleeping 300s
2026-07-20 13:04:27    [wait] 26/30 still running, sleeping 300s
2026-07-20 13:09:27    [wait] 26/30 still running, sleeping 300s
2026-07-20 13:14:27    [wait] 26/30 still running, sleeping 300s
2026-07-20 13:19:27    [wait] 26/30 still running, sleeping 300s
2026-07-20 13:24:27    [wait] 26/30 still running, sleeping 300s
2026-07-20 13:29:28    [wait] 26/30 still running, sleeping 300s
2026-07-20 13:34:28    [wait] 26/30 still running, sleeping 300s
2026-07-20 13:39:28    [wait] 26/30 still running, sleeping 300s
2026-07-20 13:44:28    [wait] 26/30 still running, sleeping 300s
2026-07-20 13:49:28    [wait] 26/30 still running, sleeping 300s
2026-07-20 13:54:28    [wait] 26/30 still running, sleeping 300s
2026-07-20 13:59:29    [wait] 26/30 still running, sleeping 300s
2026-07-20 14:04:29    [wait] 26/30 still running, sleeping 300s
2026-07-20 14:09:29    [wait] 26/30 still running, sleeping 300s
2026-07-20 14:14:29    [wait] 26/30 still running, sleeping 300s
2026-07-20 14:19:29    [wait] 26/30 still running, sleeping 300s
2026-07-20 14:24:29    [wait] 26/30 still running, sleeping 300s
2026-07-20 14:29:29    [wait] 26/30 still running, sleeping 300s
2026-07-20 14:34:29    [wait] 26/30 still running, sleeping 300s
2026-07-20 14:39:29    [wait] 26/30 still running, sleeping 300s
2026-07-20 14:44:29    [wait] 26/30 still running, sleeping 300s
2026-07-20 14:49:29    [wait] 26/30 still running, sleeping 300s
2026-07-20 14:54:29    [wait] 26/30 still running, sleeping 300s
2026-07-20 14:59:29    [wait] 26/30 still running, sleeping 300s
2026-07-20 15:04:29    [wait] 26/30 still running, sleeping 300s
2026-07-20 15:09:31    [wait] 26/30 still running, sleeping 300s
2026-07-20 15:14:31    [wait] 26/30 still running, sleeping 300s
2026-07-20 15:19:31    [wait] 26/30 still running, sleeping 300s
2026-07-20 15:24:31    [wait] 26/30 still running, sleeping 300s
2026-07-20 15:29:31    [wait] 26/30 still running, sleeping 300s
2026-07-20 15:34:31    [wait] 26/30 still running, sleeping 300s
2026-07-20 15:39:31    [wait] 26/30 still running, sleeping 300s
2026-07-20 15:44:32    [wait] 26/30 still running, sleeping 300s
2026-07-20 15:49:32    [wait] 26/30 still running, sleeping 300s
2026-07-20 15:54:32    [wait] 26/30 still running, sleeping 300s
2026-07-20 15:59:32    [wait] 26/30 still running, sleeping 300s
2026-07-20 16:04:32    [wait] 26/30 still running, sleeping 300s
2026-07-20 16:09:32    [wait] 26/30 still running, sleeping 300s
2026-07-20 16:14:32    [wait] 26/30 still running, sleeping 300s
2026-07-20 16:19:32    [wait] 26/30 still running, sleeping 300s
2026-07-20 16:24:32    [wait] 26/30 still running, sleeping 300s
2026-07-20 16:29:32    [wait] 26/30 still running, sleeping 300s
2026-07-20 16:34:32    [wait] 26/30 still running, sleeping 300s
2026-07-20 16:39:32    [wait] 26/30 still running, sleeping 300s
2026-07-20 16:44:32    [wait] 26/30 still running, sleeping 300s
2026-07-20 16:49:33    [wait] 26/30 still running, sleeping 300s
2026-07-20 16:54:33    [wait] 26/30 still running, sleeping 300s
2026-07-20 16:59:33    [wait] 26/30 still running, sleeping 300s
2026-07-20 17:04:33    [wait] 26/30 still running, sleeping 300s
2026-07-20 17:09:33    [wait] 26/30 still running, sleeping 300s
2026-07-20 17:14:33    [wait] 26/30 still running, sleeping 300s
2026-07-20 17:19:33    [wait] 26/30 still running, sleeping 300s
2026-07-20 17:24:33    [wait] 26/30 still running, sleeping 300s
2026-07-20 17:29:33    [wait] 26/30 still running, sleeping 300s
2026-07-20 17:34:33    [wait] 26/30 still running, sleeping 300s
2026-07-20 17:39:33    [wait] 26/30 still running, sleeping 300s
2026-07-20 17:44:33    [wait] 26/30 still running, sleeping 300s
2026-07-20 17:49:33    [wait] 26/30 still running, sleeping 300s
2026-07-20 17:54:33    [wait] 26/30 still running, sleeping 300s
2026-07-20 17:59:33    [wait] 26/30 still running, sleeping 300s
2026-07-20 18:04:33    [wait] 26/30 still running, sleeping 300s
2026-07-20 18:09:33    [wait] 26/30 still running, sleeping 300s
2026-07-20 18:14:33    [wait] 26/30 still running, sleeping 300s
2026-07-20 18:19:33    [wait] 26/30 still running, sleeping 300s
2026-07-20 18:24:33    [wait] 26/30 still running, sleeping 300s
2026-07-20 18:29:33    [wait] 26/30 still running, sleeping 300s
2026-07-20 18:34:33    [wait] 26/30 still running, sleeping 300s
2026-07-20 18:39:33    [wait] 26/30 still running, sleeping 300s
2026-07-20 18:44:34    [wait] 26/30 still running, sleeping 300s
2026-07-20 18:49:34    [wait] 26/30 still running, sleeping 300s
2026-07-20 18:54:34    [wait] 26/30 still running, sleeping 300s
2026-07-20 18:59:34    [wait] 26/30 still running, sleeping 300s
2026-07-20 19:04:34    [wait] 26/30 still running, sleeping 300s
2026-07-20 19:09:34    [wait] 26/30 still running, sleeping 300s
2026-07-20 19:14:34    [wait] 26/30 still running, sleeping 300s
2026-07-20 19:19:35    [wait] 26/30 still running, sleeping 300s
2026-07-20 19:24:35    [wait] 26/30 still running, sleeping 300s
2026-07-20 19:29:35    [wait] 26/30 still running, sleeping 300s
2026-07-20 19:34:35    [wait] 26/30 still running, sleeping 300s
2026-07-20 19:39:35    [wait] 26/30 still running, sleeping 300s
2026-07-20 19:44:35    [wait] 26/30 still running, sleeping 300s
2026-07-20 19:49:35    [wait] 26/30 still running, sleeping 300s
2026-07-20 19:54:35    [wait] 26/30 still running, sleeping 300s
2026-07-20 19:59:35    [wait] 26/30 still running, sleeping 300s
2026-07-20 20:04:35    [wait] 26/30 still running, sleeping 300s
2026-07-20 20:09:35    [wait] 26/30 still running, sleeping 300s
2026-07-20 20:14:35    [wait] 26/30 still running, sleeping 300s
2026-07-20 20:19:35    [wait] 26/30 still running, sleeping 300s
2026-07-20 20:24:35    [wait] 26/30 still running, sleeping 300s
2026-07-20 20:29:36    [wait] 26/30 still running, sleeping 300s
2026-07-20 20:34:36    [wait] 26/30 still running, sleeping 300s
2026-07-20 20:39:36    [wait] 26/30 still running, sleeping 300s
2026-07-20 20:44:36    [wait] 26/30 still running, sleeping 300s
2026-07-20 20:49:36    [wait] 26/30 still running, sleeping 300s
2026-07-20 20:54:36    [wait] 26/30 still running, sleeping 300s
2026-07-20 20:59:36    [wait] 26/30 still running, sleeping 300s
2026-07-20 21:04:36    [wait] 26/30 still running, sleeping 300s
2026-07-20 21:09:36    [wait] 26/30 still running, sleeping 300s
2026-07-20 21:14:36    [wait] 26/30 still running, sleeping 300s
2026-07-20 21:19:37    [wait] 26/30 still running, sleeping 300s
2026-07-20 21:24:37    [wait] 26/30 still running, sleeping 300s
2026-07-20 21:29:37    [wait] 26/30 still running, sleeping 300s
2026-07-20 21:34:37    [wait] 26/30 still running, sleeping 300s
2026-07-20 21:39:37    [wait] 26/30 still running, sleeping 300s
2026-07-20 21:44:37    [wait] 26/30 still running, sleeping 300s
2026-07-20 21:49:37    [wait] 26/30 still running, sleeping 300s
2026-07-20 21:54:37    [wait] 26/30 still running, sleeping 300s
2026-07-20 21:59:37    [wait] 26/30 still running, sleeping 300s
2026-07-20 22:04:37    [wait] 26/30 still running, sleeping 300s
2026-07-20 22:09:37    [wait] 26/30 still running, sleeping 300s
2026-07-20 22:14:37    [wait] 26/30 still running, sleeping 300s
2026-07-20 22:19:37    [wait] 26/30 still running, sleeping 300s
2026-07-20 22:24:37    [wait] 26/30 still running, sleeping 300s
2026-07-20 22:29:37    [wait] 26/30 still running, sleeping 300s
2026-07-20 22:34:38    [wait] 26/30 still running, sleeping 300s
2026-07-20 22:39:38    [wait] 26/30 still running, sleeping 300s
2026-07-20 22:44:38    [wait] 26/30 still running, sleeping 300s
2026-07-20 22:49:38    [wait] 26/30 still running, sleeping 300s
2026-07-20 22:54:38    [wait] 26/30 still running, sleeping 300s
2026-07-20 22:59:38    [wait] 26/30 still running, sleeping 300s
2026-07-20 23:04:38    [wait] 26/30 still running, sleeping 300s
2026-07-20 23:09:38    [wait] 26/30 still running, sleeping 300s
2026-07-20 23:14:38    [wait] 26/30 still running, sleeping 300s
2026-07-20 23:19:38    [wait] 26/30 still running, sleeping 300s
2026-07-20 23:24:38    [wait] 26/30 still running, sleeping 300s
2026-07-20 23:29:38    [wait] 26/30 still running, sleeping 300s
2026-07-20 23:34:38    [wait] 26/30 still running, sleeping 300s
2026-07-20 23:39:38    [wait] 26/30 still running, sleeping 300s
2026-07-20 23:44:38    [wait] 26/30 still running, sleeping 300s
2026-07-20 23:49:39    [wait] 26/30 still running, sleeping 300s
2026-07-20 23:54:39    [wait] 26/30 still running, sleeping 300s
2026-07-20 23:59:39    [wait] 26/30 still running, sleeping 300s
2026-07-21 00:04:39    [wait] 26/30 still running, sleeping 300s
2026-07-21 00:09:39    [wait] 26/30 still running, sleeping 300s
2026-07-21 00:14:39    [wait] 26/30 still running, sleeping 300s
2026-07-21 00:19:39    [wait] 26/30 still running, sleeping 300s
2026-07-21 00:24:40    [wait] 26/30 still running, sleeping 300s
2026-07-21 00:29:40    [wait] 26/30 still running, sleeping 300s
2026-07-21 00:34:40    [wait] 26/30 still running, sleeping 300s
2026-07-21 00:39:40    [wait] 26/30 still running, sleeping 300s
2026-07-21 00:44:40    [wait] 26/30 still running, sleeping 300s
2026-07-21 00:49:40    [wait] 26/30 still running, sleeping 300s
2026-07-21 00:54:40    [wait] 26/30 still running, sleeping 300s
2026-07-21 00:59:40    [wait] 26/30 still running, sleeping 300s
2026-07-21 01:04:40    [wait] 26/30 still running, sleeping 300s
2026-07-21 01:09:40    [wait] 26/30 still running, sleeping 300s
2026-07-21 01:14:40    [wait] 26/30 still running, sleeping 300s
2026-07-21 01:19:40    [wait] 26/30 still running, sleeping 300s
2026-07-21 01:24:40    [wait] 26/30 still running, sleeping 300s
2026-07-21 01:29:40    [wait] 26/30 still running, sleeping 300s
2026-07-21 01:34:40    [wait] 26/30 still running, sleeping 300s
2026-07-21 01:39:40    [wait] 26/30 still running, sleeping 300s
2026-07-21 01:44:40    [wait] 26/30 still running, sleeping 300s
2026-07-21 01:49:40    [wait] 26/30 still running, sleeping 300s
2026-07-21 01:54:40    [wait] 26/30 still running, sleeping 300s
2026-07-21 01:59:40    [wait] 26/30 still running, sleeping 300s
2026-07-21 02:04:40    [wait] 26/30 still running, sleeping 300s
2026-07-21 02:09:40    [wait] 26/30 still running, sleeping 300s
2026-07-21 02:14:41    [wait] 26/30 still running, sleeping 300s
2026-07-21 02:19:41    [wait] 26/30 still running, sleeping 300s
2026-07-21 02:24:41    [wait] 26/30 still running, sleeping 300s
2026-07-21 02:29:41    [wait] 26/30 still running, sleeping 300s
2026-07-21 02:34:41    [wait] 26/30 still running, sleeping 300s
2026-07-21 02:39:41    [wait] 26/30 still running, sleeping 300s
2026-07-21 02:44:41    [wait] 26/30 still running, sleeping 300s
2026-07-21 02:49:41    [wait] 26/30 still running, sleeping 300s
2026-07-21 02:54:41    [wait] 26/30 still running, sleeping 300s
2026-07-21 02:59:41    [wait] 26/30 still running, sleeping 300s
2026-07-21 03:04:42    [wait] 26/30 still running, sleeping 300s
2026-07-21 03:09:42    [wait] 26/30 still running, sleeping 300s
2026-07-21 03:14:42    [wait] 26/30 still running, sleeping 300s
2026-07-21 03:19:42    [wait] 26/30 still running, sleeping 300s
2026-07-21 03:24:42    [wait] 26/30 still running, sleeping 300s
2026-07-21 03:29:42    [wait] 26/30 still running, sleeping 300s
2026-07-21 03:34:42    [wait] 26/30 still running, sleeping 300s
2026-07-21 03:39:42    [wait] 26/30 still running, sleeping 300s
2026-07-21 03:44:42    [wait] 26/30 still running, sleeping 300s
2026-07-21 03:49:42    [wait] 26/30 still running, sleeping 300s
2026-07-21 03:54:42    [wait] 26/30 still running, sleeping 300s
2026-07-21 03:59:42    [wait] 26/30 still running, sleeping 300s
2026-07-21 04:04:43    [wait] 26/30 still running, sleeping 300s
2026-07-21 04:09:43    [wait] 26/30 still running, sleeping 300s
2026-07-21 04:14:43    [wait] 26/30 still running, sleeping 300s
2026-07-21 04:19:43    [wait] 26/30 still running, sleeping 300s
2026-07-21 04:24:43    [wait] 26/30 still running, sleeping 300s
2026-07-21 04:29:43    [wait] 26/30 still running, sleeping 300s
2026-07-21 04:34:43    [wait] 26/30 still running, sleeping 300s
2026-07-21 04:39:43    [wait] 26/30 still running, sleeping 300s
2026-07-21 04:44:43    [wait] 26/30 still running, sleeping 300s
2026-07-21 04:49:43    [wait] 26/30 still running, sleeping 300s
2026-07-21 04:54:43    [wait] 26/30 still running, sleeping 300s
2026-07-21 04:59:43    [wait] 26/30 still running, sleeping 300s
2026-07-21 05:04:43    [wait] 26/30 still running, sleeping 300s
2026-07-21 05:09:43    [wait] 26/30 still running, sleeping 300s
2026-07-21 05:14:44    [wait] 26/30 still running, sleeping 300s
2026-07-21 05:19:44    [wait] 26/30 still running, sleeping 300s
2026-07-21 05:24:44    [wait] 26/30 still running, sleeping 300s
2026-07-21 05:29:44    [wait] 26/30 still running, sleeping 300s
2026-07-21 05:34:44    [wait] 26/30 still running, sleeping 300s
2026-07-21 05:39:44    [wait] 26/30 still running, sleeping 300s
2026-07-21 05:44:44    [wait] 26/30 still running, sleeping 300s
2026-07-21 05:49:44    [wait] 26/30 still running, sleeping 300s
2026-07-21 05:54:44    [wait] 26/30 still running, sleeping 300s
2026-07-21 05:59:44    [wait] 26/30 still running, sleeping 300s
2026-07-21 06:04:44    [wait] 26/30 still running, sleeping 300s
2026-07-21 06:09:44    [wait] 26/30 still running, sleeping 300s
2026-07-21 06:14:44    [wait] 26/30 still running, sleeping 300s
2026-07-21 06:19:44    [wait] 26/30 still running, sleeping 300s
2026-07-21 06:24:44    [wait] 26/30 still running, sleeping 300s
2026-07-21 06:29:44    [wait] 26/30 still running, sleeping 300s
2026-07-21 06:34:44    [wait] 26/30 still running, sleeping 300s
2026-07-21 06:39:44    [wait] 26/30 still running, sleeping 300s
2026-07-21 06:44:44    [wait] 26/30 still running, sleeping 300s
2026-07-21 06:49:44    [wait] 26/30 still running, sleeping 300s
2026-07-21 06:54:44    [wait] 26/30 still running, sleeping 300s
2026-07-21 06:59:44    [wait] 26/30 still running, sleeping 300s
2026-07-21 07:04:44    [wait] 26/30 still running, sleeping 300s
2026-07-21 07:09:45    [wait] 25/30 still running, sleeping 300s
2026-07-21 07:14:45    [wait] 25/30 still running, sleeping 300s
2026-07-21 07:19:45    [wait] 25/30 still running, sleeping 300s
2026-07-21 07:24:45    [wait] 25/30 still running, sleeping 300s
2026-07-21 07:29:45    [wait] 25/30 still running, sleeping 300s
2026-07-21 07:34:45    [wait] 25/30 still running, sleeping 300s
2026-07-21 07:39:45    [wait] 25/30 still running, sleeping 300s
2026-07-21 07:44:45    [wait] 25/30 still running, sleeping 300s
2026-07-21 07:49:45    [wait] 25/30 still running, sleeping 300s
2026-07-21 07:54:45    [wait] 25/30 still running, sleeping 300s
2026-07-21 07:59:45    [wait] 25/30 still running, sleeping 300s
2026-07-21 08:04:45    [wait] 25/30 still running, sleeping 300s
2026-07-21 08:09:45    [wait] 25/30 still running, sleeping 300s
2026-07-21 08:14:45    [wait] 25/30 still running, sleeping 300s
2026-07-21 08:19:45    [wait] 25/30 still running, sleeping 300s
2026-07-21 08:24:45    [wait] 25/30 still running, sleeping 300s
2026-07-21 08:29:45    [wait] 25/30 still running, sleeping 300s
2026-07-21 08:34:45    [wait] 25/30 still running, sleeping 300s
2026-07-21 08:39:45    [wait] 25/30 still running, sleeping 300s
2026-07-21 08:44:45    [wait] 25/30 still running, sleeping 300s
2026-07-21 08:49:45    [wait] 25/30 still running, sleeping 300s
2026-07-21 08:54:46    [wait] 25/30 still running, sleeping 300s
2026-07-21 08:59:46    [wait] 25/30 still running, sleeping 300s
2026-07-21 09:04:46    [wait] 25/30 still running, sleeping 300s
2026-07-21 09:09:46    [wait] 25/30 still running, sleeping 300s
2026-07-21 09:14:46    [wait] 25/30 still running, sleeping 300s
2026-07-21 09:19:46    [wait] 25/30 still running, sleeping 300s
2026-07-21 09:24:46    [wait] 25/30 still running, sleeping 300s
2026-07-21 09:29:46    [wait] 25/30 still running, sleeping 300s
2026-07-21 09:34:46    [wait] 25/30 still running, sleeping 300s
2026-07-21 09:39:46    [wait] 25/30 still running, sleeping 300s
2026-07-21 09:44:46    [wait] 25/30 still running, sleeping 300s
2026-07-21 09:49:46    [wait] 25/30 still running, sleeping 300s
2026-07-21 09:54:46    [wait] 25/30 still running, sleeping 300s
2026-07-21 09:59:47    [wait] 25/30 still running, sleeping 300s
2026-07-21 10:04:47    [wait] 25/30 still running, sleeping 300s
2026-07-21 10:09:47    [wait] 25/30 still running, sleeping 300s
2026-07-21 10:14:47    [wait] 25/30 still running, sleeping 300s
2026-07-21 10:19:47    [wait] 25/30 still running, sleeping 300s
2026-07-21 10:24:47    [wait] 25/30 still running, sleeping 300s
2026-07-21 10:29:47    [wait] 25/30 still running, sleeping 300s
2026-07-21 10:34:47    [wait] 25/30 still running, sleeping 300s
2026-07-21 10:39:47    [wait] 25/30 still running, sleeping 300s
2026-07-21 10:44:47    [wait] 25/30 still running, sleeping 300s
2026-07-21 10:49:47    [wait] 25/30 still running, sleeping 300s
2026-07-21 10:54:47    [wait] 25/30 still running, sleeping 300s
2026-07-21 10:59:47    [wait] 25/30 still running, sleeping 300s
2026-07-21 11:04:47    [wait] 25/30 still running, sleeping 300s
2026-07-21 11:09:47    [wait] 25/30 still running, sleeping 300s
2026-07-21 11:14:47    [wait] 25/30 still running, sleeping 300s
2026-07-21 11:19:47    [wait] 25/30 still running, sleeping 300s
2026-07-21 11:24:47    [wait] 25/30 still running, sleeping 300s
2026-07-21 11:29:47    [wait] 25/30 still running, sleeping 300s
2026-07-21 11:34:47    [wait] 25/30 still running, sleeping 300s
2026-07-21 11:39:47    [wait] 25/30 still running, sleeping 300s
2026-07-21 11:44:47    [wait] 25/30 still running, sleeping 300s
2026-07-21 11:49:47    [wait] 25/30 still running, sleeping 300s
2026-07-21 11:54:47    [wait] 25/30 still running, sleeping 300s
2026-07-21 11:59:47    [wait] 25/30 still running, sleeping 300s
2026-07-21 12:04:47    [wait] 25/30 still running, sleeping 300s
2026-07-21 12:09:48    [wait] 25/30 still running, sleeping 300s
2026-07-21 12:14:48    [wait] 25/30 still running, sleeping 300s
2026-07-21 12:19:48    [wait] 25/30 still running, sleeping 300s
2026-07-21 12:24:48    [wait] 25/30 still running, sleeping 300s
2026-07-21 12:29:48    [wait] 25/30 still running, sleeping 300s
2026-07-21 12:34:48    [wait] 25/30 still running, sleeping 300s
2026-07-21 12:39:48    [wait] 25/30 still running, sleeping 300s
2026-07-21 12:44:48    [wait] 24/30 still running, sleeping 300s
2026-07-21 12:49:48    [wait] 24/30 still running, sleeping 300s
2026-07-21 12:54:48    [wait] 24/30 still running, sleeping 300s
2026-07-21 12:59:48    [wait] 24/30 still running, sleeping 300s
2026-07-21 13:04:48    [wait] 24/30 still running, sleeping 300s
2026-07-21 13:09:48    [wait] 24/30 still running, sleeping 300s
2026-07-21 13:14:49    [wait] 24/30 still running, sleeping 300s
2026-07-21 13:19:49    [wait] 24/30 still running, sleeping 300s
2026-07-21 13:24:49    [wait] 24/30 still running, sleeping 300s
2026-07-21 13:29:49    [wait] 24/30 still running, sleeping 300s
2026-07-21 13:34:49    [wait] 24/30 still running, sleeping 300s
2026-07-21 13:39:49    [wait] 24/30 still running, sleeping 300s
2026-07-21 13:44:49    [wait] 24/30 still running, sleeping 300s
2026-07-21 13:49:50    [wait] 24/30 still running, sleeping 300s
2026-07-21 13:54:50    [wait] 24/30 still running, sleeping 300s
2026-07-21 13:59:51    [wait] 24/30 still running, sleeping 300s
2026-07-21 14:04:52    [wait] 24/30 still running, sleeping 300s
2026-07-21 14:09:53    [wait] 24/30 still running, sleeping 300s
2026-07-21 14:14:53    [wait] 24/30 still running, sleeping 300s
2026-07-21 14:19:53    [wait] 24/30 still running, sleeping 300s
2026-07-21 14:24:53    [wait] 24/30 still running, sleeping 300s
2026-07-21 14:29:53    [wait] 24/30 still running, sleeping 300s
2026-07-21 14:34:53    [wait] 24/30 still running, sleeping 300s
2026-07-21 14:39:53    [wait] 24/30 still running, sleeping 300s
2026-07-21 14:44:53    [wait] 24/30 still running, sleeping 300s
2026-07-21 14:49:53    [wait] 24/30 still running, sleeping 300s
2026-07-21 14:54:53    [wait] 24/30 still running, sleeping 300s
2026-07-21 14:59:54    [wait] 24/30 still running, sleeping 300s
2026-07-21 15:04:54    [wait] 24/30 still running, sleeping 300s
2026-07-21 15:09:54    [wait] 24/30 still running, sleeping 300s
2026-07-21 15:14:54    [wait] 24/30 still running, sleeping 300s
2026-07-21 15:19:54    [wait] 24/30 still running, sleeping 300s
2026-07-21 15:24:54    [wait] 24/30 still running, sleeping 300s
2026-07-21 15:29:54    [wait] 24/30 still running, sleeping 300s
2026-07-21 15:34:54    [wait] 24/30 still running, sleeping 300s
2026-07-21 15:39:54    [wait] 24/30 still running, sleeping 300s
2026-07-21 15:44:54    [wait] 24/30 still running, sleeping 300s
2026-07-21 15:49:54    [wait] 23/30 still running, sleeping 300s
2026-07-21 15:54:54    [wait] 23/30 still running, sleeping 300s
2026-07-21 15:59:54    [wait] 22/30 still running, sleeping 300s
2026-07-21 16:04:54    [wait] 22/30 still running, sleeping 300s
2026-07-21 16:09:54    [wait] 22/30 still running, sleeping 300s
2026-07-21 16:14:54    [wait] 21/30 still running, sleeping 300s
2026-07-21 16:19:55    [wait] 20/30 still running, sleeping 300s
2026-07-21 16:24:55    [wait] 20/30 still running, sleeping 300s
2026-07-21 16:29:55    [wait] 20/30 still running, sleeping 300s
2026-07-21 16:34:56    [wait] 20/30 still running, sleeping 300s
2026-07-21 16:39:56    [wait] 20/30 still running, sleeping 300s
2026-07-21 16:44:56    [wait] 20/30 still running, sleeping 300s
2026-07-21 16:49:56    [wait] 20/30 still running, sleeping 300s
2026-07-21 16:54:56    [wait] 20/30 still running, sleeping 300s
2026-07-21 16:59:56    [wait] 20/30 still running, sleeping 300s
2026-07-21 17:04:56    [wait] 20/30 still running, sleeping 300s
2026-07-21 17:09:57    [wait] 20/30 still running, sleeping 300s
2026-07-21 17:14:57    [wait] 20/30 still running, sleeping 300s
2026-07-21 17:19:57    [wait] 20/30 still running, sleeping 300s
2026-07-21 17:24:57    [wait] 20/30 still running, sleeping 300s
2026-07-21 17:29:57    [wait] 20/30 still running, sleeping 300s
2026-07-21 17:34:57    [wait] 20/30 still running, sleeping 300s
2026-07-21 17:39:57    [wait] 20/30 still running, sleeping 300s
2026-07-21 17:44:57    [wait] 20/30 still running, sleeping 300s
2026-07-21 17:49:57    [wait] 20/30 still running, sleeping 300s
2026-07-21 17:54:57    [wait] 20/30 still running, sleeping 300s
2026-07-21 17:59:57    [wait] 20/30 still running, sleeping 300s
2026-07-21 18:04:57    [wait] 20/30 still running, sleeping 300s
2026-07-21 18:09:57    [wait] 19/30 still running, sleeping 300s
2026-07-21 18:14:57    [wait] 19/30 still running, sleeping 300s
2026-07-21 18:19:57    [wait] 19/30 still running, sleeping 300s
2026-07-21 18:24:57    [wait] 19/30 still running, sleeping 300s
2026-07-21 18:29:58    [wait] 19/30 still running, sleeping 300s
2026-07-21 18:34:58    [wait] 19/30 still running, sleeping 300s
2026-07-21 18:39:58    [wait] 19/30 still running, sleeping 300s
2026-07-21 18:44:58    [wait] 19/30 still running, sleeping 300s
2026-07-21 18:49:58    [wait] 19/30 still running, sleeping 300s
2026-07-21 18:54:58    [wait] 19/30 still running, sleeping 300s
2026-07-21 18:59:58    [wait] 19/30 still running, sleeping 300s
2026-07-21 19:04:59    [wait] 19/30 still running, sleeping 300s
2026-07-21 19:09:59    [wait] 19/30 still running, sleeping 300s
2026-07-21 19:14:59    [wait] 19/30 still running, sleeping 300s
2026-07-21 19:19:59    [wait] 19/30 still running, sleeping 300s
2026-07-21 19:24:59    [wait] 19/30 still running, sleeping 300s
2026-07-21 19:29:59    [wait] 19/30 still running, sleeping 300s
2026-07-21 19:34:59    [wait] 19/30 still running, sleeping 300s
2026-07-21 19:39:59    [wait] 19/30 still running, sleeping 300s
2026-07-21 19:44:59    [wait] 19/30 still running, sleeping 300s
2026-07-21 19:49:59    [wait] 19/30 still running, sleeping 300s
2026-07-21 19:54:59    [wait] 19/30 still running, sleeping 300s
2026-07-21 19:59:59    [wait] 19/30 still running, sleeping 300s
2026-07-21 20:04:59    [wait] 19/30 still running, sleeping 300s
2026-07-21 20:09:59    [wait] 19/30 still running, sleeping 300s
2026-07-21 20:14:59    [wait] 19/30 still running, sleeping 300s
2026-07-21 20:20:00    [wait] 19/30 still running, sleeping 300s
2026-07-21 20:25:00    [wait] 19/30 still running, sleeping 300s
2026-07-21 20:30:00    [wait] 19/30 still running, sleeping 300s
2026-07-21 20:35:00    [wait] 19/30 still running, sleeping 300s
2026-07-21 20:40:00    [wait] 19/30 still running, sleeping 300s
2026-07-21 20:45:00    [wait] 19/30 still running, sleeping 300s
2026-07-21 20:50:00    [wait] 19/30 still running, sleeping 300s
2026-07-21 20:55:00    [wait] 19/30 still running, sleeping 300s
2026-07-21 21:00:00    [wait] 19/30 still running, sleeping 300s
2026-07-21 21:05:01    [wait] 19/30 still running, sleeping 300s
2026-07-21 21:10:01    [wait] 19/30 still running, sleeping 300s
2026-07-21 21:15:01    [wait] 19/30 still running, sleeping 300s
2026-07-21 21:20:01    [wait] 19/30 still running, sleeping 300s
2026-07-21 21:25:02    [wait] 19/30 still running, sleeping 300s
2026-07-21 21:30:02    [wait] 19/30 still running, sleeping 300s
2026-07-21 21:35:02    [wait] 19/30 still running, sleeping 300s
2026-07-21 21:40:03    [wait] 18/30 still running, sleeping 300s
2026-07-21 21:45:03    [wait] 18/30 still running, sleeping 300s
2026-07-21 21:50:03    [wait] 18/30 still running, sleeping 300s
2026-07-21 21:55:03    [wait] 18/30 still running, sleeping 300s
2026-07-21 22:00:04    [wait] 18/30 still running, sleeping 300s
2026-07-21 22:05:04    [wait] 18/30 still running, sleeping 300s
2026-07-21 22:10:05    [wait] 18/30 still running, sleeping 300s
2026-07-21 22:15:05    [wait] 18/30 still running, sleeping 300s
2026-07-21 22:20:05    [wait] 18/30 still running, sleeping 300s
2026-07-21 22:25:05    [wait] 16/30 still running, sleeping 300s
2026-07-21 22:30:06    [wait] 16/30 still running, sleeping 300s
2026-07-21 22:35:06    [wait] 15/30 still running, sleeping 300s
2026-07-21 22:40:06    [wait] 14/30 still running, sleeping 300s
2026-07-21 22:45:06    [wait] 14/30 still running, sleeping 300s
2026-07-21 22:50:06    [wait] 14/30 still running, sleeping 300s
2026-07-21 22:55:07    [wait] 14/30 still running, sleeping 300s
2026-07-21 23:00:07    [wait] 14/30 still running, sleeping 300s
2026-07-21 23:05:09    [wait] 14/30 still running, sleeping 300s
2026-07-21 23:10:09    [wait] 14/30 still running, sleeping 300s
2026-07-21 23:15:10    [wait] 14/30 still running, sleeping 300s
2026-07-21 23:20:11    [wait] 14/30 still running, sleeping 300s
2026-07-21 23:25:11    [wait] 14/30 still running, sleeping 300s
2026-07-21 23:30:12    [wait] 14/30 still running, sleeping 300s
2026-07-21 23:35:12    [wait] 14/30 still running, sleeping 300s
2026-07-21 23:40:12    [wait] 14/30 still running, sleeping 300s
2026-07-21 23:45:12    [wait] 14/30 still running, sleeping 300s
2026-07-21 23:50:12    [wait] 14/30 still running, sleeping 300s
2026-07-21 23:55:12    [wait] 14/30 still running, sleeping 300s
2026-07-22 00:00:12    [wait] 14/30 still running, sleeping 300s
2026-07-22 00:05:12    [wait] 14/30 still running, sleeping 300s
2026-07-22 00:10:12    [wait] 14/30 still running, sleeping 300s
2026-07-22 00:15:12    [wait] 14/30 still running, sleeping 300s
2026-07-22 00:20:12    [wait] 14/30 still running, sleeping 300s
2026-07-22 00:25:12    [wait] 14/30 still running, sleeping 300s
2026-07-22 00:30:12    [wait] 14/30 still running, sleeping 300s
2026-07-22 00:35:12    [wait] 14/30 still running, sleeping 300s
2026-07-22 00:40:12    [wait] 14/30 still running, sleeping 300s
2026-07-22 00:45:13    [wait] 14/30 still running, sleeping 300s
2026-07-22 00:50:13    [wait] 14/30 still running, sleeping 300s
2026-07-22 00:55:13    [wait] 14/30 still running, sleeping 300s
2026-07-22 01:00:13    [wait] 14/30 still running, sleeping 300s
2026-07-22 01:05:13    [wait] 14/30 still running, sleeping 300s
2026-07-22 01:10:13    [wait] 14/30 still running, sleeping 300s
2026-07-22 01:15:13    [wait] 14/30 still running, sleeping 300s
2026-07-22 01:20:13    [wait] 14/30 still running, sleeping 300s
2026-07-22 01:25:13    [wait] 14/30 still running, sleeping 300s
2026-07-22 01:30:13    [wait] 14/30 still running, sleeping 300s
2026-07-22 01:35:13    [wait] 14/30 still running, sleeping 300s
2026-07-22 01:40:13    [wait] 14/30 still running, sleeping 300s
2026-07-22 01:45:13    [wait] 14/30 still running, sleeping 300s
2026-07-22 01:50:13    [wait] 14/30 still running, sleeping 300s
2026-07-22 01:55:13    [wait] 14/30 still running, sleeping 300s
2026-07-22 02:00:13    [wait] 14/30 still running, sleeping 300s
2026-07-22 02:05:13    [wait] 14/30 still running, sleeping 300s
2026-07-22 02:10:13    [wait] 14/30 still running, sleeping 300s
2026-07-22 02:15:13    [wait] 14/30 still running, sleeping 300s
2026-07-22 02:20:13    [wait] 14/30 still running, sleeping 300s
2026-07-22 02:25:13    [wait] 14/30 still running, sleeping 300s
2026-07-22 02:30:13    [wait] 14/30 still running, sleeping 300s
2026-07-22 02:35:14    [wait] 14/30 still running, sleeping 300s
2026-07-22 02:40:14    [wait] 14/30 still running, sleeping 300s
2026-07-22 02:45:14    [wait] 14/30 still running, sleeping 300s
2026-07-22 02:50:14    [wait] 14/30 still running, sleeping 300s
2026-07-22 02:55:14    [wait] 14/30 still running, sleeping 300s
2026-07-22 03:00:14    [wait] 14/30 still running, sleeping 300s
2026-07-22 03:05:14    [wait] 14/30 still running, sleeping 300s
2026-07-22 03:10:14    [wait] 14/30 still running, sleeping 300s
2026-07-22 03:15:14    [wait] 14/30 still running, sleeping 300s
2026-07-22 03:20:14    [wait] 14/30 still running, sleeping 300s
2026-07-22 03:25:14    [wait] 14/30 still running, sleeping 300s
2026-07-22 03:30:14    [wait] 14/30 still running, sleeping 300s
2026-07-22 03:35:14    [wait] 14/30 still running, sleeping 300s
2026-07-22 03:40:14    [wait] 14/30 still running, sleeping 300s
2026-07-22 03:45:15    [wait] 14/30 still running, sleeping 300s
2026-07-22 03:50:15    [wait] 14/30 still running, sleeping 300s
2026-07-22 03:55:15    [wait] 14/30 still running, sleeping 300s
2026-07-22 04:00:15    [wait] 14/30 still running, sleeping 300s
2026-07-22 04:05:15    [wait] 14/30 still running, sleeping 300s
2026-07-22 04:10:15    [wait] 14/30 still running, sleeping 300s
2026-07-22 04:15:15    [wait] 14/30 still running, sleeping 300s
2026-07-22 04:20:15    [wait] 14/30 still running, sleeping 300s
2026-07-22 04:25:15    [wait] 14/30 still running, sleeping 300s
2026-07-22 04:30:15    [wait] 14/30 still running, sleeping 300s
2026-07-22 04:35:15    [wait] 14/30 still running, sleeping 300s
2026-07-22 04:40:15    [wait] 14/30 still running, sleeping 300s
2026-07-22 04:45:15    [wait] 14/30 still running, sleeping 300s
2026-07-22 04:50:16    [wait] 14/30 still running, sleeping 300s
2026-07-22 04:55:16    [wait] 14/30 still running, sleeping 300s
2026-07-22 05:00:16    [wait] 14/30 still running, sleeping 300s
2026-07-22 05:05:16    [wait] 14/30 still running, sleeping 300s
2026-07-22 05:10:16    [wait] 14/30 still running, sleeping 300s
2026-07-22 05:15:16    [wait] 14/30 still running, sleeping 300s
2026-07-22 05:20:16    [wait] 14/30 still running, sleeping 300s
2026-07-22 05:25:16    [wait] 14/30 still running, sleeping 300s
2026-07-22 05:30:16    [wait] 13/30 still running, sleeping 300s
2026-07-22 05:35:16    [wait] 13/30 still running, sleeping 300s
2026-07-22 05:40:16    [wait] 13/30 still running, sleeping 300s
2026-07-22 05:45:16    [wait] 13/30 still running, sleeping 300s
2026-07-22 05:50:16    [wait] 13/30 still running, sleeping 300s
2026-07-22 05:55:16    [wait] 13/30 still running, sleeping 300s
2026-07-22 06:00:16    [wait] 13/30 still running, sleeping 300s
2026-07-22 06:05:16    [wait] 13/30 still running, sleeping 300s
2026-07-22 06:10:16    [wait] 13/30 still running, sleeping 300s
2026-07-22 06:15:16    [wait] 13/30 still running, sleeping 300s
2026-07-22 06:20:16    [wait] 13/30 still running, sleeping 300s
2026-07-22 06:25:16    [wait] 13/30 still running, sleeping 300s
2026-07-22 06:30:16    [wait] 13/30 still running, sleeping 300s
2026-07-22 06:35:17    [wait] 13/30 still running, sleeping 300s
2026-07-22 06:40:17    [wait] 13/30 still running, sleeping 300s
2026-07-22 06:45:17    [wait] 13/30 still running, sleeping 300s
2026-07-22 06:50:17    [wait] 13/30 still running, sleeping 300s
2026-07-22 06:55:17    [wait] 13/30 still running, sleeping 300s
2026-07-22 07:00:17    [wait] 13/30 still running, sleeping 300s
2026-07-22 07:05:17    [wait] 13/30 still running, sleeping 300s
2026-07-22 07:10:17    [wait] 13/30 still running, sleeping 300s
2026-07-22 07:15:17    [wait] 13/30 still running, sleeping 300s
2026-07-22 07:20:17    [wait] 13/30 still running, sleeping 300s
2026-07-22 07:25:17    [wait] 13/30 still running, sleeping 300s
2026-07-22 07:30:17    [wait] 13/30 still running, sleeping 300s
2026-07-22 07:35:17    [wait] 13/30 still running, sleeping 300s
2026-07-22 07:40:17    [wait] 13/30 still running, sleeping 300s
2026-07-22 07:45:17    [wait] 13/30 still running, sleeping 300s
2026-07-22 07:50:18    [wait] 13/30 still running, sleeping 300s
2026-07-22 07:55:18    [wait] 13/30 still running, sleeping 300s
2026-07-22 08:00:18    [wait] 13/30 still running, sleeping 300s
2026-07-22 08:05:18    [wait] 13/30 still running, sleeping 300s
2026-07-22 08:10:18    [wait] 13/30 still running, sleeping 300s
2026-07-22 08:15:18    [wait] 13/30 still running, sleeping 300s
2026-07-22 08:20:18    [wait] 13/30 still running, sleeping 300s
2026-07-22 08:25:18    [wait] 13/30 still running, sleeping 300s
2026-07-22 08:30:18    [wait] 13/30 still running, sleeping 300s
2026-07-22 08:35:18    [wait] 13/30 still running, sleeping 300s
2026-07-22 08:40:19    [wait] 13/30 still running, sleeping 300s
2026-07-22 08:45:19    [wait] 13/30 still running, sleeping 300s
2026-07-22 08:50:19    [wait] 13/30 still running, sleeping 300s
2026-07-22 08:55:19    [wait] 13/30 still running, sleeping 300s
2026-07-22 09:00:19    [wait] 13/30 still running, sleeping 300s
2026-07-22 09:05:19    [wait] 13/30 still running, sleeping 300s
2026-07-22 09:10:19    [wait] 13/30 still running, sleeping 300s
2026-07-22 09:15:19    [wait] 13/30 still running, sleeping 300s
2026-07-22 09:20:19    [wait] 13/30 still running, sleeping 300s
2026-07-22 09:25:19    [wait] 13/30 still running, sleeping 300s
2026-07-22 09:30:19    [wait] 13/30 still running, sleeping 300s
2026-07-22 09:35:19    [wait] 13/30 still running, sleeping 300s
2026-07-22 09:40:19    [wait] 13/30 still running, sleeping 300s
2026-07-22 09:45:19    [wait] 13/30 still running, sleeping 300s
2026-07-22 09:50:19    [wait] 13/30 still running, sleeping 300s
2026-07-22 09:55:20    [wait] 12/30 still running, sleeping 300s
2026-07-22 10:00:20    [wait] 12/30 still running, sleeping 300s
2026-07-22 10:05:20    [wait] 12/30 still running, sleeping 300s
2026-07-22 10:10:20    [wait] 12/30 still running, sleeping 300s
2026-07-22 10:15:20    [wait] 12/30 still running, sleeping 300s
2026-07-22 10:20:20    [wait] 12/30 still running, sleeping 300s
2026-07-22 10:25:20    [wait] 12/30 still running, sleeping 300s
2026-07-22 10:30:20    [wait] 12/30 still running, sleeping 300s
2026-07-22 10:35:20    [wait] 12/30 still running, sleeping 300s
2026-07-22 10:40:20    [wait] 12/30 still running, sleeping 300s
2026-07-22 10:45:20    [wait] 12/30 still running, sleeping 300s
2026-07-22 10:50:20    [wait] 12/30 still running, sleeping 300s
2026-07-22 10:55:20    [wait] 12/30 still running, sleeping 300s
2026-07-22 11:00:20    [wait] 12/30 still running, sleeping 300s
2026-07-22 11:05:20    [wait] 12/30 still running, sleeping 300s
2026-07-22 11:10:20    [wait] 12/30 still running, sleeping 300s
2026-07-22 11:15:20    [wait] 12/30 still running, sleeping 300s
2026-07-22 11:20:20    [wait] 12/30 still running, sleeping 300s
2026-07-22 11:25:20    [wait] 12/30 still running, sleeping 300s
2026-07-22 11:30:20    [wait] 12/30 still running, sleeping 300s
2026-07-22 11:35:20    [wait] 12/30 still running, sleeping 300s
2026-07-22 11:40:20    [wait] 12/30 still running, sleeping 300s
2026-07-22 11:45:21    [wait] 12/30 still running, sleeping 300s
2026-07-22 11:50:21    [wait] 12/30 still running, sleeping 300s
2026-07-22 11:55:21    [wait] 12/30 still running, sleeping 300s
2026-07-22 12:00:21    [wait] 12/30 still running, sleeping 300s
2026-07-22 12:05:21    [wait] 12/30 still running, sleeping 300s
2026-07-22 12:10:21    [wait] 12/30 still running, sleeping 300s
2026-07-22 12:15:21    [wait] 12/30 still running, sleeping 300s
2026-07-22 12:20:22    [wait] 12/30 still running, sleeping 300s
2026-07-22 12:25:22    [wait] 12/30 still running, sleeping 300s
2026-07-22 12:30:22    [wait] 12/30 still running, sleeping 300s
2026-07-22 12:35:22    [wait] 12/30 still running, sleeping 300s
2026-07-22 12:40:22    [wait] 12/30 still running, sleeping 300s
2026-07-22 12:45:22    [wait] 12/30 still running, sleeping 300s
2026-07-22 12:50:22    [wait] 12/30 still running, sleeping 300s
2026-07-22 12:55:22    [wait] 12/30 still running, sleeping 300s
2026-07-22 13:00:22    [wait] 12/30 still running, sleeping 300s
2026-07-22 13:05:22    [wait] 12/30 still running, sleeping 300s
2026-07-22 13:10:22    [wait] 12/30 still running, sleeping 300s
2026-07-22 13:15:22    [wait] 12/30 still running, sleeping 300s
2026-07-22 13:20:22    [wait] 12/30 still running, sleeping 300s
2026-07-22 13:25:22    [wait] 12/30 still running, sleeping 300s
2026-07-22 13:30:22    [wait] 12/30 still running, sleeping 300s
2026-07-22 13:35:22    [wait] 12/30 still running, sleeping 300s
2026-07-22 13:40:22    [wait] 12/30 still running, sleeping 300s
2026-07-22 13:45:22    [wait] 12/30 still running, sleeping 300s
2026-07-22 13:50:22    [wait] 12/30 still running, sleeping 300s
2026-07-22 13:55:22    [wait] 12/30 still running, sleeping 300s
2026-07-22 14:00:22    [wait] 12/30 still running, sleeping 300s
2026-07-22 14:05:22    [wait] 12/30 still running, sleeping 300s
2026-07-22 14:10:23    [wait] 12/30 still running, sleeping 300s
2026-07-22 14:15:23    [wait] 12/30 still running, sleeping 300s
2026-07-22 14:20:23    [wait] 12/30 still running, sleeping 300s
2026-07-22 14:25:23    [wait] 12/30 still running, sleeping 300s
2026-07-22 14:30:23    [wait] 12/30 still running, sleeping 300s
2026-07-22 14:35:23    [wait] 12/30 still running, sleeping 300s
2026-07-22 14:40:23    [wait] 12/30 still running, sleeping 300s
2026-07-22 14:45:23    [wait] 12/30 still running, sleeping 300s
2026-07-22 14:50:23    [wait] 12/30 still running, sleeping 300s
2026-07-22 14:55:23    [wait] 12/30 still running, sleeping 300s
2026-07-22 15:00:23    [wait] 12/30 still running, sleeping 300s
2026-07-22 15:05:23    [wait] 12/30 still running, sleeping 300s
2026-07-22 15:10:23    [wait] 12/30 still running, sleeping 300s
2026-07-22 15:15:24    [wait] 12/30 still running, sleeping 300s
2026-07-22 15:20:24    [wait] 12/30 still running, sleeping 300s
2026-07-22 15:25:24    [wait] 12/30 still running, sleeping 300s
2026-07-22 15:30:24    [wait] 12/30 still running, sleeping 300s
2026-07-22 15:35:24    [wait] 12/30 still running, sleeping 300s
2026-07-22 15:40:24    [wait] 12/30 still running, sleeping 300s
2026-07-22 15:45:24    [wait] 12/30 still running, sleeping 300s
2026-07-22 15:50:24    [wait] 12/30 still running, sleeping 300s
2026-07-22 15:55:24    [wait] 12/30 still running, sleeping 300s
2026-07-22 16:00:24    [wait] 12/30 still running, sleeping 300s
2026-07-22 16:05:24    [wait] 12/30 still running, sleeping 300s
2026-07-22 16:10:24    [wait] 12/30 still running, sleeping 300s
2026-07-22 16:15:24    [wait] 12/30 still running, sleeping 300s
2026-07-22 16:20:25    [wait] 12/30 still running, sleeping 300s
2026-07-22 16:25:25    [wait] 12/30 still running, sleeping 300s
2026-07-22 16:30:25    [wait] 12/30 still running, sleeping 300s
2026-07-22 16:35:25    [wait] 12/30 still running, sleeping 300s
2026-07-22 16:40:25    [wait] 12/30 still running, sleeping 300s
2026-07-22 16:45:25    [wait] 12/30 still running, sleeping 300s
2026-07-22 16:50:25    [wait] 12/30 still running, sleeping 300s
2026-07-22 16:55:25    [wait] 12/30 still running, sleeping 300s
2026-07-22 17:00:25    [wait] 12/30 still running, sleeping 300s
2026-07-22 17:05:25    [wait] 12/30 still running, sleeping 300s
2026-07-22 17:10:25    [wait] 12/30 still running, sleeping 300s
2026-07-22 17:15:25    [wait] 12/30 still running, sleeping 300s
2026-07-22 17:20:25    [wait] 12/30 still running, sleeping 300s
2026-07-22 17:25:25    [wait] 12/30 still running, sleeping 300s
2026-07-22 17:30:26    [wait] 12/30 still running, sleeping 300s
2026-07-22 17:35:26    [wait] 12/30 still running, sleeping 300s
2026-07-22 17:40:26    [wait] 12/30 still running, sleeping 300s
2026-07-22 17:45:26    [wait] 12/30 still running, sleeping 300s
2026-07-22 17:50:26    [wait] 12/30 still running, sleeping 300s
2026-07-22 17:55:26    [wait] 12/30 still running, sleeping 300s
2026-07-22 18:00:26    [wait] 12/30 still running, sleeping 300s
2026-07-22 18:05:26    [wait] 12/30 still running, sleeping 300s
2026-07-22 18:10:26    [wait] 12/30 still running, sleeping 300s
2026-07-22 18:15:26    [wait] 12/30 still running, sleeping 300s
2026-07-22 18:20:26    [wait] 12/30 still running, sleeping 300s
2026-07-22 18:25:26    [wait] 12/30 still running, sleeping 300s
2026-07-22 18:30:27    [wait] 12/30 still running, sleeping 300s
2026-07-22 18:35:27    [wait] 12/30 still running, sleeping 300s
2026-07-22 18:40:27    [wait] 12/30 still running, sleeping 300s
2026-07-22 18:45:27    [wait] 12/30 still running, sleeping 300s
2026-07-22 18:50:27    [wait] 12/30 still running, sleeping 300s
2026-07-22 18:55:27    [wait] 12/30 still running, sleeping 300s
2026-07-22 19:00:27    [wait] 12/30 still running, sleeping 300s
2026-07-22 19:05:27    [wait] 12/30 still running, sleeping 300s
2026-07-22 19:10:27    [wait] 12/30 still running, sleeping 300s
2026-07-22 19:15:27    [wait] 11/30 still running, sleeping 300s
2026-07-22 19:20:27    [wait] 11/30 still running, sleeping 300s
2026-07-22 19:25:27    [wait] 11/30 still running, sleeping 300s
2026-07-22 19:30:27    [wait] 11/30 still running, sleeping 300s
2026-07-22 19:35:27    [wait] 11/30 still running, sleeping 300s
2026-07-22 19:40:27    [wait] 11/30 still running, sleeping 300s
2026-07-22 19:45:27    [wait] 11/30 still running, sleeping 300s
2026-07-22 19:50:27    [wait] 11/30 still running, sleeping 300s
2026-07-22 19:55:27    [wait] 11/30 still running, sleeping 300s
2026-07-22 20:00:28    [wait] 11/30 still running, sleeping 300s
2026-07-22 20:05:28    [wait] 11/30 still running, sleeping 300s
2026-07-22 20:10:28    [wait] 11/30 still running, sleeping 300s
2026-07-22 20:15:28    [wait] 11/30 still running, sleeping 300s
2026-07-22 20:20:28    [wait] 11/30 still running, sleeping 300s
2026-07-22 20:25:28    [wait] 11/30 still running, sleeping 300s
2026-07-22 20:30:28    [wait] 11/30 still running, sleeping 300s
2026-07-22 20:35:28    [wait] 11/30 still running, sleeping 300s
2026-07-22 20:40:28    [wait] 11/30 still running, sleeping 300s
2026-07-22 20:45:29    [wait] 11/30 still running, sleeping 300s
2026-07-22 20:50:29    [wait] 11/30 still running, sleeping 300s
2026-07-22 20:55:29    [wait] 11/30 still running, sleeping 300s
2026-07-22 21:00:29    [wait] 11/30 still running, sleeping 300s
2026-07-22 21:05:29    [wait] 11/30 still running, sleeping 300s
2026-07-22 21:10:29    [wait] 11/30 still running, sleeping 300s
2026-07-22 21:15:29    [wait] 11/30 still running, sleeping 300s
2026-07-22 21:20:29    [wait] 11/30 still running, sleeping 300s
2026-07-22 21:25:29    [wait] 11/30 still running, sleeping 300s
2026-07-22 21:30:29    [wait] 11/30 still running, sleeping 300s
2026-07-22 21:35:29    [wait] 11/30 still running, sleeping 300s
2026-07-22 21:40:29    [wait] 11/30 still running, sleeping 300s
2026-07-22 21:45:29    [wait] 11/30 still running, sleeping 300s
2026-07-22 21:50:29    [wait] 11/30 still running, sleeping 300s
2026-07-22 21:55:29    [wait] 11/30 still running, sleeping 300s
2026-07-22 22:00:29    [wait] 11/30 still running, sleeping 300s
2026-07-22 22:05:29    [wait] 10/30 still running, sleeping 300s
2026-07-22 22:10:29    [wait] 9/30 still running, sleeping 300s
2026-07-22 22:15:29    [wait] 9/30 still running, sleeping 300s
2026-07-22 22:20:29    [wait] 9/30 still running, sleeping 300s
2026-07-22 22:25:29    [wait] 9/30 still running, sleeping 300s
2026-07-22 22:30:30    [wait] 9/30 still running, sleeping 300s
2026-07-22 22:35:30    [wait] 9/30 still running, sleeping 300s
2026-07-22 22:40:30    [wait] 9/30 still running, sleeping 300s
2026-07-22 22:45:30    [wait] 9/30 still running, sleeping 300s
2026-07-22 22:50:30    [wait] 9/30 still running, sleeping 300s
2026-07-22 22:55:30    [wait] 9/30 still running, sleeping 300s
2026-07-22 23:00:30    [wait] 9/30 still running, sleeping 300s
2026-07-22 23:05:30    [wait] 9/30 still running, sleeping 300s
2026-07-22 23:10:30    [wait] 9/30 still running, sleeping 300s
2026-07-22 23:15:30    [wait] 9/30 still running, sleeping 300s
2026-07-22 23:20:30    [wait] 9/30 still running, sleeping 300s
2026-07-22 23:25:30    [wait] 9/30 still running, sleeping 300s
2026-07-22 23:30:30    [wait] 9/30 still running, sleeping 300s
2026-07-22 23:35:30    [wait] 9/30 still running, sleeping 300s
2026-07-22 23:40:30    [wait] 9/30 still running, sleeping 300s
2026-07-22 23:45:30    [wait] 9/30 still running, sleeping 300s
2026-07-22 23:50:30    [wait] 9/30 still running, sleeping 300s
2026-07-22 23:55:30    [wait] 8/30 still running, sleeping 300s
2026-07-23 00:00:30    [wait] 8/30 still running, sleeping 300s
2026-07-23 00:05:30    [wait] 8/30 still running, sleeping 300s
2026-07-23 00:10:30    [wait] 8/30 still running, sleeping 300s
2026-07-23 00:15:30    [wait] 8/30 still running, sleeping 300s
2026-07-23 00:20:30    [wait] 8/30 still running, sleeping 300s
2026-07-23 00:25:30    [wait] 8/30 still running, sleeping 300s
2026-07-23 00:30:30    [wait] 8/30 still running, sleeping 300s
2026-07-23 00:35:30    [wait] 8/30 still running, sleeping 300s
2026-07-23 00:40:30    [wait] 8/30 still running, sleeping 300s
2026-07-23 00:45:30    [wait] 8/30 still running, sleeping 300s
2026-07-23 00:50:30    [wait] 8/30 still running, sleeping 300s
2026-07-23 00:55:30    [wait] 8/30 still running, sleeping 300s
2026-07-23 01:00:31    [wait] 8/30 still running, sleeping 300s
2026-07-23 01:05:31    [wait] 8/30 still running, sleeping 300s
2026-07-23 01:10:31    [wait] 8/30 still running, sleeping 300s
2026-07-23 01:15:31    [wait] 8/30 still running, sleeping 300s
2026-07-23 01:20:31    [wait] 8/30 still running, sleeping 300s
2026-07-23 01:25:31    [wait] 8/30 still running, sleeping 300s
2026-07-23 01:30:31    [wait] 8/30 still running, sleeping 300s
2026-07-23 01:35:31    [wait] 8/30 still running, sleeping 300s
2026-07-23 01:40:31    [wait] 8/30 still running, sleeping 300s
2026-07-23 01:45:31    [wait] 8/30 still running, sleeping 300s
2026-07-23 01:50:31    [wait] 8/30 still running, sleeping 300s
2026-07-23 01:55:31    [wait] 8/30 still running, sleeping 300s
2026-07-23 02:00:31    [wait] 8/30 still running, sleeping 300s
2026-07-23 02:05:31    [wait] 8/30 still running, sleeping 300s
2026-07-23 02:10:31    [wait] 8/30 still running, sleeping 300s
2026-07-23 02:15:32    [wait] 8/30 still running, sleeping 300s
2026-07-23 02:20:32    [wait] 8/30 still running, sleeping 300s
2026-07-23 02:25:32    [wait] 8/30 still running, sleeping 300s
2026-07-23 02:30:32    [wait] 8/30 still running, sleeping 300s
2026-07-23 02:35:32    [wait] 8/30 still running, sleeping 300s
2026-07-23 02:40:32    [wait] 8/30 still running, sleeping 300s
2026-07-23 02:45:32    [wait] 8/30 still running, sleeping 300s
2026-07-23 02:50:32    [wait] 8/30 still running, sleeping 300s
2026-07-23 02:55:32    [wait] 8/30 still running, sleeping 300s
2026-07-23 03:00:32    [wait] 8/30 still running, sleeping 300s
2026-07-23 03:05:32    [wait] 8/30 still running, sleeping 300s
2026-07-23 03:10:32    [wait] 8/30 still running, sleeping 300s
2026-07-23 03:15:32    [wait] 8/30 still running, sleeping 300s
2026-07-23 03:20:32    [wait] 8/30 still running, sleeping 300s
2026-07-23 03:25:32    [wait] 8/30 still running, sleeping 300s
2026-07-23 03:30:32    [wait] 8/30 still running, sleeping 300s
2026-07-23 03:35:32    [wait] 8/30 still running, sleeping 300s
2026-07-23 03:40:32    [wait] 8/30 still running, sleeping 300s
2026-07-23 03:45:32    [wait] 8/30 still running, sleeping 300s
2026-07-23 03:50:32    [wait] 8/30 still running, sleeping 300s
2026-07-23 03:55:32    [wait] 8/30 still running, sleeping 300s
2026-07-23 04:00:32    [wait] 8/30 still running, sleeping 300s
2026-07-23 04:05:32    [wait] 8/30 still running, sleeping 300s
2026-07-23 04:10:32    [wait] 8/30 still running, sleeping 300s
2026-07-23 04:15:32    [wait] 8/30 still running, sleeping 300s
2026-07-23 04:20:32    [wait] 8/30 still running, sleeping 300s
2026-07-23 04:25:33    [wait] 8/30 still running, sleeping 300s
2026-07-23 04:30:33    [wait] 8/30 still running, sleeping 300s
2026-07-23 04:35:33    [wait] 8/30 still running, sleeping 300s
2026-07-23 04:40:33    [wait] 8/30 still running, sleeping 300s
2026-07-23 04:45:33    [wait] 8/30 still running, sleeping 300s
2026-07-23 04:50:33    [wait] 8/30 still running, sleeping 300s
2026-07-23 04:55:33    [wait] 8/30 still running, sleeping 300s
2026-07-23 05:00:33    [wait] 8/30 still running, sleeping 300s
2026-07-23 05:05:33    [wait] 8/30 still running, sleeping 300s
2026-07-23 05:10:33    [wait] 8/30 still running, sleeping 300s
2026-07-23 05:15:33    [wait] 8/30 still running, sleeping 300s
2026-07-23 05:20:33    [wait] 8/30 still running, sleeping 300s
2026-07-23 05:25:33    [wait] 8/30 still running, sleeping 300s
2026-07-23 05:30:33    [wait] 8/30 still running, sleeping 300s
2026-07-23 05:35:33    [wait] 8/30 still running, sleeping 300s
2026-07-23 05:40:33    [wait] 8/30 still running, sleeping 300s
2026-07-23 05:45:33    [wait] 8/30 still running, sleeping 300s
2026-07-23 05:50:33    [wait] 8/30 still running, sleeping 300s
2026-07-23 05:55:33    [wait] 8/30 still running, sleeping 300s
2026-07-23 06:00:33    [wait] 8/30 still running, sleeping 300s
2026-07-23 06:05:33    [wait] 8/30 still running, sleeping 300s
2026-07-23 06:10:33    [wait] 7/30 still running, sleeping 300s
2026-07-23 06:15:33    [wait] 7/30 still running, sleeping 300s
2026-07-23 06:20:33    [wait] 7/30 still running, sleeping 300s
2026-07-23 06:25:33    [wait] 6/30 still running, sleeping 300s
2026-07-23 06:30:33    [wait] 5/30 still running, sleeping 300s
2026-07-23 06:35:33    [wait] 5/30 still running, sleeping 300s
2026-07-23 06:40:33    [wait] 4/30 still running, sleeping 300s
2026-07-23 06:45:33    [wait] 3/30 still running, sleeping 300s
2026-07-23 06:50:33    [wait] 3/30 still running, sleeping 300s
2026-07-23 06:55:33    [wait] 3/30 still running, sleeping 300s
2026-07-23 07:00:33    [wait] 3/30 still running, sleeping 300s
2026-07-23 07:05:33    [wait] 3/30 still running, sleeping 300s
2026-07-23 07:10:33    [wait] 3/30 still running, sleeping 300s
2026-07-23 07:15:33    [wait] 3/30 still running, sleeping 300s
2026-07-23 07:20:34    [wait] 3/30 still running, sleeping 300s
2026-07-23 07:25:34    [wait] 3/30 still running, sleeping 300s
2026-07-23 07:30:34    [wait] 3/30 still running, sleeping 300s
2026-07-23 07:35:34    [wait] 3/30 still running, sleeping 300s
2026-07-23 07:40:34    [wait] 3/30 still running, sleeping 300s
2026-07-23 07:45:34    [wait] 3/30 still running, sleeping 300s
2026-07-23 07:50:34    [wait] 3/30 still running, sleeping 300s
2026-07-23 07:55:34    [wait] 3/30 still running, sleeping 300s
2026-07-23 08:00:34    [wait] 3/30 still running, sleeping 300s
2026-07-23 08:05:34    [wait] 3/30 still running, sleeping 300s
2026-07-23 08:10:34    [wait] 3/30 still running, sleeping 300s
2026-07-23 08:15:34    [wait] 3/30 still running, sleeping 300s
2026-07-23 08:20:34    [wait] 3/30 still running, sleeping 300s
2026-07-23 08:25:34    [wait] 3/30 still running, sleeping 300s
2026-07-23 08:30:35    [wait] 3/30 still running, sleeping 300s
2026-07-23 08:35:35    [wait] 3/30 still running, sleeping 300s
2026-07-23 08:40:35    [wait] 3/30 still running, sleeping 300s
2026-07-23 08:45:35    [wait] 3/30 still running, sleeping 300s
2026-07-23 08:50:35    [wait] 3/30 still running, sleeping 300s
2026-07-23 08:55:35    [wait] 3/30 still running, sleeping 300s
2026-07-23 09:00:35    [wait] 3/30 still running, sleeping 300s
2026-07-23 09:05:35    [wait] 3/30 still running, sleeping 300s
2026-07-23 09:10:35    [wait] 3/30 still running, sleeping 300s
2026-07-23 09:15:35    [wait] 3/30 still running, sleeping 300s
2026-07-23 09:20:35    [wait] 3/30 still running, sleeping 300s
2026-07-23 09:25:35    [wait] 3/30 still running, sleeping 300s
2026-07-23 09:30:35    [wait] 3/30 still running, sleeping 300s
2026-07-23 09:35:35    [wait] 3/30 still running, sleeping 300s
2026-07-23 09:40:35    [wait] 3/30 still running, sleeping 300s
2026-07-23 09:45:35    [wait] 3/30 still running, sleeping 300s
2026-07-23 09:50:35    [wait] 3/30 still running, sleeping 300s
2026-07-23 09:55:35    [wait] 3/30 still running, sleeping 300s
2026-07-23 10:00:35    [wait] 3/30 still running, sleeping 300s
2026-07-23 10:05:35    [wait] 3/30 still running, sleeping 300s
2026-07-23 10:10:35    [wait] 3/30 still running, sleeping 300s
2026-07-23 10:15:36    [wait] 3/30 still running, sleeping 300s
2026-07-23 10:20:36    [wait] 3/30 still running, sleeping 300s
2026-07-23 10:25:36    [wait] 3/30 still running, sleeping 300s
2026-07-23 10:30:36    [wait] 3/30 still running, sleeping 300s
2026-07-23 10:35:36    [wait] 3/30 still running, sleeping 300s
2026-07-23 10:40:36    [wait] 3/30 still running, sleeping 300s
2026-07-23 10:45:36    [wait] 3/30 still running, sleeping 300s
2026-07-23 10:50:36    [wait] 3/30 still running, sleeping 300s
2026-07-23 10:55:36    [wait] 3/30 still running, sleeping 300s
2026-07-23 11:00:36    [wait] 3/30 still running, sleeping 300s
2026-07-23 11:05:36    [wait] 3/30 still running, sleeping 300s
2026-07-23 11:10:36    [wait] 3/30 still running, sleeping 300s
2026-07-23 11:15:36    [wait] 3/30 still running, sleeping 300s
2026-07-23 11:20:36    [wait] 3/30 still running, sleeping 300s
2026-07-23 11:25:36    [wait] 3/30 still running, sleeping 300s
2026-07-23 11:30:36    [wait] 3/30 still running, sleeping 300s
2026-07-23 11:35:36    [wait] 3/30 still running, sleeping 300s
2026-07-23 11:40:37    [wait] 3/30 still running, sleeping 300s
2026-07-23 11:45:37    [wait] 3/30 still running, sleeping 300s
2026-07-23 11:50:37    [wait] 3/30 still running, sleeping 300s
2026-07-23 11:55:37    [wait] 3/30 still running, sleeping 300s
2026-07-23 12:00:37    [wait] 3/30 still running, sleeping 300s
2026-07-23 12:05:37    [wait] 3/30 still running, sleeping 300s
2026-07-23 12:10:37    [wait] 3/30 still running, sleeping 300s
2026-07-23 12:15:37    [wait] 3/30 still running, sleeping 300s
2026-07-23 12:20:37    [wait] 3/30 still running, sleeping 300s
2026-07-23 12:25:37    [wait] 3/30 still running, sleeping 300s
2026-07-23 12:30:37    [wait] 3/30 still running, sleeping 300s
2026-07-23 12:35:37    [wait] 3/30 still running, sleeping 300s
2026-07-23 12:40:37    [wait] 3/30 still running, sleeping 300s
2026-07-23 12:45:37    [wait] 3/30 still running, sleeping 300s
2026-07-23 12:50:37    [wait] 3/30 still running, sleeping 300s
2026-07-23 12:55:37    [wait] 3/30 still running, sleeping 300s
2026-07-23 13:00:37    [wait] 3/30 still running, sleeping 300s
2026-07-23 13:05:37    [wait] 3/30 still running, sleeping 300s
2026-07-23 13:10:37    [wait] 3/30 still running, sleeping 300s
2026-07-23 13:15:37    [wait] 3/30 still running, sleeping 300s
2026-07-23 13:20:37    [wait] 3/30 still running, sleeping 300s
2026-07-23 13:25:37    [wait] 3/30 still running, sleeping 300s
2026-07-23 13:30:37    [wait] 3/30 still running, sleeping 300s
2026-07-23 13:35:37    [wait] 3/30 still running, sleeping 300s
2026-07-23 13:40:37    [wait] 3/30 still running, sleeping 300s
2026-07-23 13:45:37    [wait] 3/30 still running, sleeping 300s
2026-07-23 13:50:38    [wait] 2/30 still running, sleeping 300s
2026-07-23 13:55:38    [wait] 2/30 still running, sleeping 300s
2026-07-23 14:00:38    [wait] 2/30 still running, sleeping 300s
2026-07-23 14:05:38    [wait] 2/30 still running, sleeping 300s
2026-07-23 14:10:38    [wait] 2/30 still running, sleeping 300s
2026-07-23 14:15:38    [wait] 2/30 still running, sleeping 300s
2026-07-23 14:20:38    [wait] 2/30 still running, sleeping 300s
2026-07-23 14:25:38    [wait] 2/30 still running, sleeping 300s
2026-07-23 14:30:38    [wait] 2/30 still running, sleeping 300s
2026-07-23 14:35:38    [wait] 2/30 still running, sleeping 300s
2026-07-23 14:40:38    [wait] 2/30 still running, sleeping 300s
2026-07-23 14:45:38    [wait] 2/30 still running, sleeping 300s
2026-07-23 14:50:38    [wait] 2/30 still running, sleeping 300s
2026-07-23 14:55:38    [wait] 2/30 still running, sleeping 300s
2026-07-23 15:00:38    [wait] 2/30 still running, sleeping 300s
2026-07-23 15:05:38    [wait] 2/30 still running, sleeping 300s
2026-07-23 15:10:38    [wait] 2/30 still running, sleeping 300s
2026-07-23 15:15:38    [wait] 1/30 still running, sleeping 300s
2026-07-23 15:20:38    [wait] 1/30 still running, sleeping 300s
2026-07-23 15:25:38    [wait] 1/30 still running, sleeping 300s
2026-07-23 15:30:38    [wait] 1/30 still running, sleeping 300s
2026-07-23 15:35:38    [wait] 1/30 still running, sleeping 300s
2026-07-23 15:40:38    [wait] 1/30 still running, sleeping 300s
2026-07-23 15:45:38    [wait] 1/30 still running, sleeping 300s
2026-07-23 15:50:38    [wait] 1/30 still running, sleeping 300s
2026-07-23 15:55:38    [wait] 1/30 still running, sleeping 300s
2026-07-23 16:00:38    [wait] 1/30 still running, sleeping 300s
2026-07-23 16:05:38    [wait] 1/30 still running, sleeping 300s
2026-07-23 16:10:38    [wait] 1/30 still running, sleeping 300s
2026-07-23 16:15:44  trial 10: ov_dsc=0.1641 ut_dsc=0.5414 objective[weighted]=0.3150
2026-07-23 16:15:45  trial 11: ov_dsc=0.1224 ut_dsc=0.5349 objective[weighted]=0.2874
2026-07-23 16:15:45  trial 12: ov_dsc=0.1467 ut_dsc=0.5285 objective[weighted]=0.2994
2026-07-23 16:15:45  trial 13: ov_dsc=0.1139 ut_dsc=0.5809 objective[weighted]=0.3007
2026-07-23 16:15:45  trial 14: ov_dsc=0.0847 ut_dsc=0.5745 objective[weighted]=0.2806
2026-07-23 16:15:46  trial 15: ov_dsc=0.1558 ut_dsc=0.5551 objective[weighted]=0.3156
2026-07-23 16:15:46  trial 16: ov_dsc=0.1905 ut_dsc=0.5136 objective[weighted]=0.3197
2026-07-23 16:15:46  trial 17: ov_dsc=0.1290 ut_dsc=0.5568 objective[weighted]=0.3001
2026-07-23 16:15:46  trial 18: ov_dsc=0.0734 ut_dsc=0.5432 objective[weighted]=0.2613
2026-07-23 16:15:46  trial 19: ov_dsc=0.1159 ut_dsc=0.5681 objective[weighted]=0.2968
2026-07-23 16:15:46  progress: 11/40 complete
2026-07-23 16:15:46  === batch: 10 trials (of 29 remaining) ===
2026-07-23 16:15:46    suggest trial 20: {'ovary_target': 0.3171558909213514, 'iscs_alpha': 0.38985860118702753, 'iscs_lowpass_sigma': 3.9130552986362206, 'z_smooth_sigma': 0.5658659775638717, 'body_mask': 1, 'hist_match': 1, 'skip_enh': 1}
2026-07-23 16:15:46    suggest trial 21: {'ovary_target': 0.3167885367395832, 'iscs_alpha': 0.3704738118389601, 'iscs_lowpass_sigma': 3.9833069385231976, 'z_smooth_sigma': 0.6347532148876538, 'body_mask': 1, 'hist_match': 1, 'skip_enh': 1}
2026-07-23 16:15:47    suggest trial 22: {'ovary_target': 0.3191687451508748, 'iscs_alpha': 0.44070488164431176, 'iscs_lowpass_sigma': 3.9642599546644854, 'z_smooth_sigma': 0.5989460918415613, 'body_mask': 1, 'hist_match': 1, 'skip_enh': 1}
2026-07-23 16:15:47    suggest trial 23: {'ovary_target': 0.3198289136210568, 'iscs_alpha': 0.35605698362037325, 'iscs_lowpass_sigma': 3.77554662319664, 'z_smooth_sigma': 0.521450145744874, 'body_mask': 1, 'hist_match': 1, 'skip_enh': 1}
2026-07-23 16:15:47    suggest trial 24: {'ovary_target': 0.31746857609723766, 'iscs_alpha': 0.37352445468568485, 'iscs_lowpass_sigma': 3.9974497545662047, 'z_smooth_sigma': 0.6253869124912508, 'body_mask': 1, 'hist_match': 1, 'skip_enh': 1}
2026-07-23 16:15:47    suggest trial 25: {'ovary_target': 0.3193982889119551, 'iscs_alpha': 0.37529657426868956, 'iscs_lowpass_sigma': 3.861351784261821, 'z_smooth_sigma': 0.5434823469025645, 'body_mask': 1, 'hist_match': 1, 'skip_enh': 1}
2026-07-23 16:15:47    suggest trial 26: {'ovary_target': 0.31071507628775946, 'iscs_alpha': 0.3849679031223864, 'iscs_lowpass_sigma': 3.7859541236754577, 'z_smooth_sigma': 0.5774236527516814, 'body_mask': 1, 'hist_match': 1, 'skip_enh': 1}
2026-07-23 16:15:47    suggest trial 27: {'ovary_target': 0.24854306659844988, 'iscs_alpha': 0.42974557728824814, 'iscs_lowpass_sigma': 3.9177023670909783, 'z_smooth_sigma': 0.4942229038488771, 'body_mask': 1, 'hist_match': 1, 'skip_enh': 1}
2026-07-23 16:15:47    suggest trial 28: {'ovary_target': 0.3165072682143339, 'iscs_alpha': 0.3796035498093841, 'iscs_lowpass_sigma': 3.8878477005463425, 'z_smooth_sigma': 0.5717083240504881, 'body_mask': 1, 'hist_match': 1, 'skip_enh': 1}
2026-07-23 16:15:47    suggest trial 29: {'ovary_target': 0.31598070771050446, 'iscs_alpha': 0.37505050549362456, 'iscs_lowpass_sigma': 3.841532065660982, 'z_smooth_sigma': 0.5711262701499508, 'body_mask': 1, 'hist_match': 1, 'skip_enh': 1}
2026-07-23 16:15:48  submitted 30 jobs; polling sacct every 300s
2026-07-23 16:15:48    [wait] 30/30 still running, sleeping 300s
2026-07-23 16:20:48    [wait] 30/30 still running, sleeping 300s
2026-07-23 16:25:48    [wait] 30/30 still running, sleeping 300s
2026-07-23 16:30:48    [wait] 30/30 still running, sleeping 300s
2026-07-23 16:35:48    [wait] 30/30 still running, sleeping 300s
2026-07-23 16:40:48    [wait] 30/30 still running, sleeping 300s
2026-07-23 16:45:48    [wait] 30/30 still running, sleeping 300s
2026-07-23 16:50:48    [wait] 30/30 still running, sleeping 300s
2026-07-23 16:55:48    [wait] 30/30 still running, sleeping 300s
2026-07-23 17:00:48    [wait] 30/30 still running, sleeping 300s
2026-07-23 17:05:48    [wait] 30/30 still running, sleeping 300s
2026-07-23 17:10:48    [wait] 30/30 still running, sleeping 300s
2026-07-23 17:15:48    [wait] 30/30 still running, sleeping 300s
2026-07-23 17:20:48    [wait] 30/30 still running, sleeping 300s
2026-07-23 17:25:49    [wait] 30/30 still running, sleeping 300s
2026-07-23 17:30:49    [wait] 30/30 still running, sleeping 300s
2026-07-23 17:35:49    [wait] 30/30 still running, sleeping 300s
2026-07-23 17:40:49    [wait] 30/30 still running, sleeping 300s
2026-07-23 17:45:49    [wait] 30/30 still running, sleeping 300s
2026-07-23 17:50:49    [wait] 30/30 still running, sleeping 300s
2026-07-23 17:55:49    [wait] 30/30 still running, sleeping 300s
2026-07-23 18:00:49    [wait] 30/30 still running, sleeping 300s
2026-07-23 18:05:49    [wait] 30/30 still running, sleeping 300s
2026-07-23 18:10:49    [wait] 30/30 still running, sleeping 300s
2026-07-23 18:15:49    [wait] 30/30 still running, sleeping 300s
2026-07-23 18:20:49    [wait] 30/30 still running, sleeping 300s
2026-07-23 18:25:49    [wait] 30/30 still running, sleeping 300s
2026-07-23 18:30:49    [wait] 30/30 still running, sleeping 300s
2026-07-23 18:35:49    [wait] 30/30 still running, sleeping 300s
2026-07-23 18:40:50    [wait] 30/30 still running, sleeping 300s
2026-07-23 18:45:50    [wait] 30/30 still running, sleeping 300s
2026-07-23 18:50:50    [wait] 30/30 still running, sleeping 300s
2026-07-23 18:55:50    [wait] 30/30 still running, sleeping 300s
2026-07-23 19:00:50    [wait] 30/30 still running, sleeping 300s
2026-07-23 19:05:50    [wait] 30/30 still running, sleeping 300s
2026-07-23 19:10:50    [wait] 30/30 still running, sleeping 300s
2026-07-23 19:15:50    [wait] 30/30 still running, sleeping 300s
2026-07-23 19:20:50    [wait] 30/30 still running, sleeping 300s
2026-07-23 19:25:50    [wait] 30/30 still running, sleeping 300s
2026-07-23 19:30:50    [wait] 30/30 still running, sleeping 300s
2026-07-23 19:35:50    [wait] 30/30 still running, sleeping 300s
2026-07-23 19:40:50    [wait] 30/30 still running, sleeping 300s
2026-07-23 19:45:50    [wait] 30/30 still running, sleeping 300s
2026-07-23 19:50:50    [wait] 30/30 still running, sleeping 300s
2026-07-23 19:55:50    [wait] 30/30 still running, sleeping 300s
2026-07-23 20:00:50    [wait] 30/30 still running, sleeping 300s
2026-07-23 20:05:50    [wait] 30/30 still running, sleeping 300s
2026-07-23 20:10:50    [wait] 30/30 still running, sleeping 300s
2026-07-23 20:15:50    [wait] 30/30 still running, sleeping 300s
2026-07-23 20:20:51    [wait] 30/30 still running, sleeping 300s
2026-07-23 20:25:51    [wait] 30/30 still running, sleeping 300s
2026-07-23 20:30:51    [wait] 30/30 still running, sleeping 300s
2026-07-23 20:35:51    [wait] 30/30 still running, sleeping 300s
2026-07-23 20:40:51    [wait] 30/30 still running, sleeping 300s
2026-07-23 20:45:51    [wait] 30/30 still running, sleeping 300s
2026-07-23 20:50:51    [wait] 30/30 still running, sleeping 300s
2026-07-23 20:55:51    [wait] 30/30 still running, sleeping 300s
2026-07-23 21:00:51    [wait] 30/30 still running, sleeping 300s
2026-07-23 21:05:51    [wait] 30/30 still running, sleeping 300s
2026-07-23 21:10:51    [wait] 30/30 still running, sleeping 300s
2026-07-23 21:15:51    [wait] 30/30 still running, sleeping 300s
2026-07-23 21:20:51    [wait] 30/30 still running, sleeping 300s
2026-07-23 21:25:51    [wait] 30/30 still running, sleeping 300s
2026-07-23 21:30:51    [wait] 30/30 still running, sleeping 300s
2026-07-23 21:35:51    [wait] 30/30 still running, sleeping 300s
2026-07-23 21:40:51    [wait] 30/30 still running, sleeping 300s
2026-07-23 21:45:51    [wait] 30/30 still running, sleeping 300s
2026-07-23 21:50:51    [wait] 30/30 still running, sleeping 300s
2026-07-23 21:55:51    [wait] 30/30 still running, sleeping 300s
2026-07-23 22:00:52    [wait] 30/30 still running, sleeping 300s
2026-07-23 22:05:52    [wait] 30/30 still running, sleeping 300s
2026-07-23 22:10:52    [wait] 30/30 still running, sleeping 300s
2026-07-23 22:15:52    [wait] 30/30 still running, sleeping 300s
2026-07-23 22:20:52    [wait] 30/30 still running, sleeping 300s
2026-07-23 22:25:52    [wait] 30/30 still running, sleeping 300s
2026-07-23 22:30:52    [wait] 30/30 still running, sleeping 300s
2026-07-23 22:35:52    [wait] 30/30 still running, sleeping 300s
2026-07-23 22:40:52    [wait] 30/30 still running, sleeping 300s
2026-07-23 22:45:52    [wait] 30/30 still running, sleeping 300s
2026-07-23 22:50:52    [wait] 30/30 still running, sleeping 300s
2026-07-23 22:55:52    [wait] 30/30 still running, sleeping 300s
2026-07-23 23:00:52    [wait] 30/30 still running, sleeping 300s
2026-07-23 23:05:52    [wait] 30/30 still running, sleeping 300s
2026-07-23 23:10:52    [wait] 30/30 still running, sleeping 300s
2026-07-23 23:15:53    [wait] 30/30 still running, sleeping 300s
2026-07-23 23:20:53    [wait] 30/30 still running, sleeping 300s
2026-07-23 23:25:53    [wait] 30/30 still running, sleeping 300s
2026-07-23 23:30:53    [wait] 30/30 still running, sleeping 300s
2026-07-23 23:35:53    [wait] 30/30 still running, sleeping 300s
2026-07-23 23:40:53    [wait] 30/30 still running, sleeping 300s
2026-07-23 23:45:53    [wait] 30/30 still running, sleeping 300s
2026-07-23 23:50:53    [wait] 30/30 still running, sleeping 300s
2026-07-23 23:55:53    [wait] 30/30 still running, sleeping 300s
2026-07-24 00:00:53    [wait] 30/30 still running, sleeping 300s
2026-07-24 00:05:53    [wait] 30/30 still running, sleeping 300s
2026-07-24 00:10:53    [wait] 30/30 still running, sleeping 300s
2026-07-24 00:15:53    [wait] 30/30 still running, sleeping 300s
2026-07-24 00:20:53    [wait] 30/30 still running, sleeping 300s
2026-07-24 00:25:53    [wait] 30/30 still running, sleeping 300s
2026-07-24 00:30:53    [wait] 30/30 still running, sleeping 300s
2026-07-24 00:35:53    [wait] 30/30 still running, sleeping 300s
2026-07-24 00:40:53    [wait] 30/30 still running, sleeping 300s
2026-07-24 00:45:53    [wait] 30/30 still running, sleeping 300s
2026-07-24 00:50:53    [wait] 30/30 still running, sleeping 300s
2026-07-24 00:55:54    [wait] 30/30 still running, sleeping 300s
2026-07-24 01:00:54    [wait] 30/30 still running, sleeping 300s
2026-07-24 01:05:54    [wait] 30/30 still running, sleeping 300s
2026-07-24 01:10:54    [wait] 30/30 still running, sleeping 300s
2026-07-24 01:15:54    [wait] 30/30 still running, sleeping 300s
2026-07-24 01:20:54    [wait] 30/30 still running, sleeping 300s
2026-07-24 01:25:54    [wait] 30/30 still running, sleeping 300s
2026-07-24 01:30:54    [wait] 30/30 still running, sleeping 300s
2026-07-24 01:35:54    [wait] 30/30 still running, sleeping 300s
2026-07-24 01:40:54    [wait] 30/30 still running, sleeping 300s
2026-07-24 01:45:54    [wait] 30/30 still running, sleeping 300s
2026-07-24 01:50:54    [wait] 30/30 still running, sleeping 300s
2026-07-24 01:55:54    [wait] 30/30 still running, sleeping 300s
2026-07-24 02:00:54    [wait] 30/30 still running, sleeping 300s
2026-07-24 02:05:54    [wait] 30/30 still running, sleeping 300s
2026-07-24 02:10:54    [wait] 30/30 still running, sleeping 300s
2026-07-24 02:15:54    [wait] 30/30 still running, sleeping 300s
2026-07-24 02:20:54    [wait] 30/30 still running, sleeping 300s
2026-07-24 02:25:54    [wait] 30/30 still running, sleeping 300s
2026-07-24 02:30:54    [wait] 30/30 still running, sleeping 300s
2026-07-24 02:35:54    [wait] 30/30 still running, sleeping 300s
2026-07-24 02:40:54    [wait] 30/30 still running, sleeping 300s
2026-07-24 02:45:54    [wait] 30/30 still running, sleeping 300s
2026-07-24 02:50:54    [wait] 30/30 still running, sleeping 300s
2026-07-24 02:55:55    [wait] 30/30 still running, sleeping 300s
2026-07-24 03:00:55    [wait] 30/30 still running, sleeping 300s
2026-07-24 03:05:55    [wait] 30/30 still running, sleeping 300s
2026-07-24 03:10:55    [wait] 30/30 still running, sleeping 300s
2026-07-24 03:15:55    [wait] 30/30 still running, sleeping 300s
2026-07-24 03:20:55    [wait] 30/30 still running, sleeping 300s
2026-07-24 03:25:55    [wait] 30/30 still running, sleeping 300s
2026-07-24 03:30:55    [wait] 30/30 still running, sleeping 300s
2026-07-24 03:35:55    [wait] 30/30 still running, sleeping 300s
2026-07-24 03:40:55    [wait] 30/30 still running, sleeping 300s
2026-07-24 03:45:55    [wait] 30/30 still running, sleeping 300s
2026-07-24 03:50:55    [wait] 30/30 still running, sleeping 300s
2026-07-24 03:55:55    [wait] 30/30 still running, sleeping 300s
2026-07-24 04:00:55    [wait] 30/30 still running, sleeping 300s
2026-07-24 04:05:55    [wait] 30/30 still running, sleeping 300s
2026-07-24 04:10:55    [wait] 30/30 still running, sleeping 300s
2026-07-24 04:15:55    [wait] 30/30 still running, sleeping 300s
2026-07-24 04:20:55    [wait] 30/30 still running, sleeping 300s
2026-07-24 04:25:55    [wait] 30/30 still running, sleeping 300s
2026-07-24 04:30:55    [wait] 30/30 still running, sleeping 300s
2026-07-24 04:35:55    [wait] 30/30 still running, sleeping 300s
2026-07-24 04:40:56    [wait] 30/30 still running, sleeping 300s
2026-07-24 04:45:56    [wait] 30/30 still running, sleeping 300s
2026-07-24 04:50:56    [wait] 30/30 still running, sleeping 300s
2026-07-24 04:55:56    [wait] 30/30 still running, sleeping 300s
2026-07-24 05:00:56    [wait] 30/30 still running, sleeping 300s
2026-07-24 05:05:56    [wait] 30/30 still running, sleeping 300s
2026-07-24 05:10:56    [wait] 30/30 still running, sleeping 300s
2026-07-24 05:15:56    [wait] 30/30 still running, sleeping 300s
2026-07-24 05:20:56    [wait] 30/30 still running, sleeping 300s
2026-07-24 05:25:56    [wait] 30/30 still running, sleeping 300s
2026-07-24 05:30:56    [wait] 30/30 still running, sleeping 300s
2026-07-24 05:35:56    [wait] 30/30 still running, sleeping 300s
2026-07-24 05:40:56    [wait] 30/30 still running, sleeping 300s
2026-07-24 05:45:56    [wait] 30/30 still running, sleeping 300s
2026-07-24 05:50:56    [wait] 30/30 still running, sleeping 300s
2026-07-24 05:55:56    [wait] 30/30 still running, sleeping 300s
2026-07-24 06:00:56    [wait] 30/30 still running, sleeping 300s
2026-07-24 06:05:57    [wait] 30/30 still running, sleeping 300s
2026-07-24 06:10:57    [wait] 30/30 still running, sleeping 300s
2026-07-24 06:15:57    [wait] 30/30 still running, sleeping 300s
2026-07-24 06:20:57    [wait] 30/30 still running, sleeping 300s
2026-07-24 06:25:57    [wait] 30/30 still running, sleeping 300s
2026-07-24 06:30:58    [wait] 30/30 still running, sleeping 300s
2026-07-24 06:35:58    [wait] 30/30 still running, sleeping 300s
2026-07-24 06:40:58    [wait] 30/30 still running, sleeping 300s
2026-07-24 06:45:58    [wait] 30/30 still running, sleeping 300s
2026-07-24 06:50:58    [wait] 30/30 still running, sleeping 300s
2026-07-24 06:55:58    [wait] 30/30 still running, sleeping 300s
2026-07-24 07:00:58    [wait] 30/30 still running, sleeping 300s
2026-07-24 07:05:58    [wait] 30/30 still running, sleeping 300s
2026-07-24 07:10:59    [wait] 30/30 still running, sleeping 300s
2026-07-24 07:15:59    [wait] 30/30 still running, sleeping 300s
2026-07-24 07:20:59    [wait] 30/30 still running, sleeping 300s
2026-07-24 07:25:59    [wait] 30/30 still running, sleeping 300s
2026-07-24 07:30:59    [wait] 30/30 still running, sleeping 300s
2026-07-24 07:35:59    [wait] 30/30 still running, sleeping 300s
2026-07-24 07:40:59    [wait] 30/30 still running, sleeping 300s
2026-07-24 07:45:59    [wait] 30/30 still running, sleeping 300s
2026-07-24 07:50:59    [wait] 30/30 still running, sleeping 300s
2026-07-24 07:56:00    [wait] 30/30 still running, sleeping 300s
2026-07-24 08:01:00    [wait] 30/30 still running, sleeping 300s
2026-07-24 08:06:00    [wait] 30/30 still running, sleeping 300s
2026-07-24 08:11:00    [wait] 30/30 still running, sleeping 300s
2026-07-24 08:16:00    [wait] 30/30 still running, sleeping 300s
2026-07-24 08:21:01    [wait] 30/30 still running, sleeping 300s
2026-07-24 08:26:01    [wait] 30/30 still running, sleeping 300s
2026-07-24 08:31:01    [wait] 30/30 still running, sleeping 300s
2026-07-24 08:36:01    [wait] 30/30 still running, sleeping 300s
2026-07-24 08:41:01    [wait] 30/30 still running, sleeping 300s
2026-07-24 08:46:01    [wait] 30/30 still running, sleeping 300s
2026-07-24 08:51:01    [wait] 30/30 still running, sleeping 300s
2026-07-24 08:56:01    [wait] 30/30 still running, sleeping 300s
2026-07-24 09:01:01    [wait] 30/30 still running, sleeping 300s
2026-07-24 09:06:01    [wait] 30/30 still running, sleeping 300s
2026-07-24 09:11:01    [wait] 30/30 still running, sleeping 300s
2026-07-24 09:16:01    [wait] 30/30 still running, sleeping 300s
2026-07-24 09:21:01    [wait] 30/30 still running, sleeping 300s
2026-07-24 09:26:01    [wait] 30/30 still running, sleeping 300s
2026-07-24 09:31:01    [wait] 30/30 still running, sleeping 300s
2026-07-24 09:36:01    [wait] 30/30 still running, sleeping 300s
2026-07-24 09:41:01    [wait] 30/30 still running, sleeping 300s
2026-07-24 09:46:01    [wait] 30/30 still running, sleeping 300s
2026-07-24 09:51:01    [wait] 30/30 still running, sleeping 300s
2026-07-24 09:56:01    [wait] 30/30 still running, sleeping 300s
2026-07-24 10:01:01    [wait] 30/30 still running, sleeping 300s
[I 2026-07-24 21:26:22,818] Using an existing study with name 'tier1_synth_params' instead of creating a new one.
2026-07-24 21:26:22  loaded study: 30 trials on disk, 11 complete
2026-07-24 21:26:22  n_seeds=3 is likely noisy. Project variance study (Phase 1 §4.4) found n=3 means overstated the true effect by ~22%% vs n=8. TPE will chase noise for the first ~15 trials.
2026-07-24 21:26:22  reconciling 10 RUNNING trial(s) from previous coordinator run
2026-07-24 21:26:23    trial 20: resolved from seed metrics → objective=0.1243
2026-07-24 21:26:23    trial 21: resolved from seed metrics → objective=0.1665
2026-07-24 21:26:23    trial 22: resolved from seed metrics → objective=0.0731
2026-07-24 21:26:23    trial 23: no usable metrics on disk; marked FAIL
2026-07-24 21:26:23    trial 24: no usable metrics on disk; marked FAIL
2026-07-24 21:26:23    trial 25: no usable metrics on disk; marked FAIL
2026-07-24 21:26:23    trial 26: no usable metrics on disk; marked FAIL
2026-07-24 21:26:23    trial 27: no usable metrics on disk; marked FAIL
2026-07-24 21:26:23    trial 28: no usable metrics on disk; marked FAIL
2026-07-24 21:26:23    trial 29: no usable metrics on disk; marked FAIL
2026-07-24 21:26:23  after reconciliation: 14 complete
2026-07-24 21:26:23  === batch: 10 trials (of 26 remaining) ===
2026-07-24 21:26:23    suggest trial 30: {'ovary_target': 0.2512326008828502, 'iscs_alpha': 0.005072455411896659, 'iscs_lowpass_sigma': 2.248800253935159, 'z_smooth_sigma': 1.1283446787884972, 'body_mask': 1, 'hist_match': 1, 'skip_enh': 1}
2026-07-24 21:26:24    suggest trial 31: {'ovary_target': 0.24386914746417523, 'iscs_alpha': 0.7446608994507357, 'iscs_lowpass_sigma': 2.2827673045048344, 'z_smooth_sigma': 1.1372615402713102, 'body_mask': 1, 'hist_match': 1, 'skip_enh': 1}
2026-07-24 21:26:24    suggest trial 32: {'ovary_target': 0.2411019192485308, 'iscs_alpha': 0.030404393484607745, 'iscs_lowpass_sigma': 2.2931639106049166, 'z_smooth_sigma': 1.151438996551187, 'body_mask': 1, 'hist_match': 1, 'skip_enh': 1}
2026-07-24 21:26:24    suggest trial 33: {'ovary_target': 0.24599426761701917, 'iscs_alpha': 0.7716641432569382, 'iscs_lowpass_sigma': 2.0670495739182986, 'z_smooth_sigma': 1.1578860185701068, 'body_mask': 1, 'hist_match': 1, 'skip_enh': 1}
2026-07-24 21:26:24    suggest trial 34: {'ovary_target': 0.2443931859808373, 'iscs_alpha': 0.0122080854984703, 'iscs_lowpass_sigma': 2.2574800507322537, 'z_smooth_sigma': 1.1186542454692892, 'body_mask': 1, 'hist_match': 1, 'skip_enh': 1}
2026-07-24 21:26:24    suggest trial 35: {'ovary_target': 0.24724524993972172, 'iscs_alpha': 0.013140315717808215, 'iscs_lowpass_sigma': 2.2341334587102213, 'z_smooth_sigma': 1.2048926231696264, 'body_mask': 1, 'hist_match': 1, 'skip_enh': 1}
2026-07-24 21:26:24    suggest trial 36: {'ovary_target': 0.249824793963596, 'iscs_alpha': 0.7638351489330412, 'iscs_lowpass_sigma': 2.2416044032454963, 'z_smooth_sigma': 1.1373354255196106, 'body_mask': 1, 'hist_match': 1, 'skip_enh': 1}
2026-07-24 21:26:25    suggest trial 37: {'ovary_target': 0.24854306659844988, 'iscs_alpha': 0.7344438642659207, 'iscs_lowpass_sigma': 2.101529955196695, 'z_smooth_sigma': 1.1309426940696612, 'body_mask': 1, 'hist_match': 1, 'skip_enh': 1}
2026-07-24 21:26:25    suggest trial 38: {'ovary_target': 0.24512171970637525, 'iscs_alpha': 0.007195002117044658, 'iscs_lowpass_sigma': 2.250051428101365, 'z_smooth_sigma': 1.1264958540187888, 'body_mask': 1, 'hist_match': 1, 'skip_enh': 1}
2026-07-24 21:26:25    suggest trial 39: {'ovary_target': 0.2540801449648995, 'iscs_alpha': 0.007632156920543476, 'iscs_lowpass_sigma': 2.5013812181030346, 'z_smooth_sigma': 1.1512695310300607, 'body_mask': 1, 'hist_match': 1, 'skip_enh': 1}
2026-07-24 21:26:25  submitted 30 jobs; polling sacct every 300s
2026-07-24 21:26:25    [wait] 30/30 still running, sleeping 300s
2026-07-24 21:31:25    [wait] 30/30 still running, sleeping 300s
2026-07-24 21:36:25    [wait] 30/30 still running, sleeping 300s
2026-07-24 21:41:25    [wait] 30/30 still running, sleeping 300s
2026-07-24 21:46:25    [wait] 30/30 still running, sleeping 300s
2026-07-24 21:51:25    [wait] 30/30 still running, sleeping 300s
2026-07-24 21:56:25    [wait] 30/30 still running, sleeping 300s
2026-07-24 22:01:25    [wait] 30/30 still running, sleeping 300s
2026-07-24 22:06:25    [wait] 30/30 still running, sleeping 300s
2026-07-24 22:11:25    [wait] 30/30 still running, sleeping 300s
2026-07-24 22:16:25    [wait] 30/30 still running, sleeping 300s
2026-07-24 22:21:25    [wait] 30/30 still running, sleeping 300s
2026-07-24 22:26:25    [wait] 30/30 still running, sleeping 300s
2026-07-24 22:31:26    [wait] 30/30 still running, sleeping 300s
2026-07-24 22:36:26    [wait] 30/30 still running, sleeping 300s
2026-07-24 22:41:26    [wait] 30/30 still running, sleeping 300s
2026-07-24 22:46:26    [wait] 30/30 still running, sleeping 300s
2026-07-24 22:51:26    [wait] 30/30 still running, sleeping 300s
2026-07-24 22:56:26    [wait] 30/30 still running, sleeping 300s
2026-07-24 23:01:26    [wait] 30/30 still running, sleeping 300s
2026-07-24 23:06:26    [wait] 30/30 still running, sleeping 300s
2026-07-24 23:11:26    [wait] 30/30 still running, sleeping 300s
2026-07-24 23:16:26    [wait] 30/30 still running, sleeping 300s
2026-07-24 23:21:26    [wait] 30/30 still running, sleeping 300s
2026-07-24 23:26:26    [wait] 30/30 still running, sleeping 300s
2026-07-24 23:31:26    [wait] 30/30 still running, sleeping 300s
2026-07-24 23:36:26    [wait] 30/30 still running, sleeping 300s
2026-07-24 23:41:26    [wait] 30/30 still running, sleeping 300s
2026-07-24 23:46:26    [wait] 30/30 still running, sleeping 300s
2026-07-24 23:51:26    [wait] 30/30 still running, sleeping 300s
2026-07-24 23:56:26    [wait] 30/30 still running, sleeping 300s
2026-07-25 00:01:26    [wait] 30/30 still running, sleeping 300s
2026-07-25 00:06:26    [wait] 30/30 still running, sleeping 300s
2026-07-25 00:11:27    [wait] 30/30 still running, sleeping 300s
2026-07-25 00:16:27    [wait] 30/30 still running, sleeping 300s
2026-07-25 00:21:27    [wait] 30/30 still running, sleeping 300s
2026-07-25 00:26:27    [wait] 30/30 still running, sleeping 300s
2026-07-25 00:31:27    [wait] 30/30 still running, sleeping 300s
2026-07-25 00:36:27    [wait] 30/30 still running, sleeping 300s
2026-07-25 00:41:27    [wait] 30/30 still running, sleeping 300s
2026-07-25 00:46:27    [wait] 30/30 still running, sleeping 300s
2026-07-25 00:51:27    [wait] 30/30 still running, sleeping 300s
2026-07-25 00:56:27    [wait] 30/30 still running, sleeping 300s
2026-07-25 01:01:27    [wait] 30/30 still running, sleeping 300s
2026-07-25 01:06:27    [wait] 30/30 still running, sleeping 300s
2026-07-25 01:11:27    [wait] 30/30 still running, sleeping 300s
2026-07-25 01:16:28    [wait] 30/30 still running, sleeping 300s
2026-07-25 01:21:28    [wait] 30/30 still running, sleeping 300s
2026-07-25 01:26:28    [wait] 30/30 still running, sleeping 300s
2026-07-25 01:31:28    [wait] 30/30 still running, sleeping 300s
2026-07-25 01:36:28    [wait] 30/30 still running, sleeping 300s
2026-07-25 01:41:28    [wait] 30/30 still running, sleeping 300s
2026-07-25 01:46:28    [wait] 30/30 still running, sleeping 300s
2026-07-25 01:51:28    [wait] 30/30 still running, sleeping 300s
2026-07-25 01:56:28    [wait] 30/30 still running, sleeping 300s
2026-07-25 02:01:28    [wait] 30/30 still running, sleeping 300s
2026-07-25 02:06:28    [wait] 30/30 still running, sleeping 300s
2026-07-25 02:11:28    [wait] 30/30 still running, sleeping 300s
2026-07-25 02:16:28    [wait] 30/30 still running, sleeping 300s
2026-07-25 02:21:29    [wait] 30/30 still running, sleeping 300s
2026-07-25 02:26:29    [wait] 30/30 still running, sleeping 300s
2026-07-25 02:31:29    [wait] 30/30 still running, sleeping 300s
2026-07-25 02:36:29    [wait] 30/30 still running, sleeping 300s
2026-07-25 02:41:29    [wait] 30/30 still running, sleeping 300s
2026-07-25 02:46:29    [wait] 30/30 still running, sleeping 300s
2026-07-25 02:51:29    [wait] 30/30 still running, sleeping 300s
2026-07-25 02:56:29    [wait] 30/30 still running, sleeping 300s
2026-07-25 03:01:29    [wait] 30/30 still running, sleeping 300s
2026-07-25 03:06:29    [wait] 30/30 still running, sleeping 300s
2026-07-25 03:11:29    [wait] 30/30 still running, sleeping 300s
2026-07-25 03:16:29    [wait] 30/30 still running, sleeping 300s
2026-07-25 03:21:29    [wait] 30/30 still running, sleeping 300s
2026-07-25 03:26:29    [wait] 30/30 still running, sleeping 300s
2026-07-25 03:31:29    [wait] 30/30 still running, sleeping 300s
2026-07-25 03:36:29    [wait] 30/30 still running, sleeping 300s
2026-07-25 03:41:29    [wait] 30/30 still running, sleeping 300s
2026-07-25 03:46:29    [wait] 30/30 still running, sleeping 300s
2026-07-25 03:51:29    [wait] 30/30 still running, sleeping 300s
2026-07-25 03:56:29    [wait] 30/30 still running, sleeping 300s
2026-07-25 04:01:29    [wait] 30/30 still running, sleeping 300s
2026-07-25 04:06:29    [wait] 30/30 still running, sleeping 300s
2026-07-25 04:11:29    [wait] 30/30 still running, sleeping 300s
2026-07-25 04:16:29    [wait] 30/30 still running, sleeping 300s
2026-07-25 04:21:29    [wait] 30/30 still running, sleeping 300s
2026-07-25 04:26:29    [wait] 30/30 still running, sleeping 300s
2026-07-25 04:31:30    [wait] 30/30 still running, sleeping 300s
2026-07-25 04:36:30    [wait] 30/30 still running, sleeping 300s
2026-07-25 04:41:30    [wait] 30/30 still running, sleeping 300s
2026-07-25 04:46:30    [wait] 30/30 still running, sleeping 300s
2026-07-25 04:51:30    [wait] 30/30 still running, sleeping 300s
2026-07-25 04:56:30    [wait] 30/30 still running, sleeping 300s
2026-07-25 05:01:30    [wait] 30/30 still running, sleeping 300s
2026-07-25 05:06:30    [wait] 30/30 still running, sleeping 300s
2026-07-25 05:11:30    [wait] 30/30 still running, sleeping 300s
2026-07-25 05:16:30    [wait] 30/30 still running, sleeping 300s
2026-07-25 05:21:30    [wait] 30/30 still running, sleeping 300s
2026-07-25 05:26:30    [wait] 30/30 still running, sleeping 300s
2026-07-25 05:31:30    [wait] 30/30 still running, sleeping 300s
2026-07-25 05:36:30    [wait] 30/30 still running, sleeping 300s
2026-07-25 05:41:30    [wait] 30/30 still running, sleeping 300s
2026-07-25 05:46:30    [wait] 30/30 still running, sleeping 300s
2026-07-25 05:51:30    [wait] 30/30 still running, sleeping 300s
2026-07-25 05:56:30    [wait] 30/30 still running, sleeping 300s
2026-07-25 06:01:30    [wait] 30/30 still running, sleeping 300s
2026-07-25 06:06:30    [wait] 30/30 still running, sleeping 300s
2026-07-25 06:11:30    [wait] 30/30 still running, sleeping 300s
2026-07-25 06:16:30    [wait] 30/30 still running, sleeping 300s
2026-07-25 06:21:30    [wait] 30/30 still running, sleeping 300s
2026-07-25 06:26:30    [wait] 30/30 still running, sleeping 300s
2026-07-25 06:31:30    [wait] 30/30 still running, sleeping 300s
2026-07-25 06:36:30    [wait] 30/30 still running, sleeping 300s
2026-07-25 06:41:31    [wait] 30/30 still running, sleeping 300s
2026-07-25 06:46:31    [wait] 30/30 still running, sleeping 300s
2026-07-25 06:51:31    [wait] 30/30 still running, sleeping 300s
2026-07-25 06:56:31    [wait] 30/30 still running, sleeping 300s
2026-07-25 07:01:31    [wait] 30/30 still running, sleeping 300s
2026-07-25 07:06:31    [wait] 30/30 still running, sleeping 300s
2026-07-25 07:11:31    [wait] 30/30 still running, sleeping 300s
2026-07-25 07:16:31    [wait] 30/30 still running, sleeping 300s
2026-07-25 07:21:31    [wait] 30/30 still running, sleeping 300s
2026-07-25 07:26:31    [wait] 30/30 still running, sleeping 300s
2026-07-25 07:31:31    [wait] 30/30 still running, sleeping 300s
2026-07-25 07:36:31    [wait] 30/30 still running, sleeping 300s
2026-07-25 07:41:31    [wait] 30/30 still running, sleeping 300s
2026-07-25 07:46:31    [wait] 30/30 still running, sleeping 300s
2026-07-25 07:51:31    [wait] 30/30 still running, sleeping 300s
2026-07-25 07:56:31    [wait] 30/30 still running, sleeping 300s
2026-07-25 08:01:32    [wait] 30/30 still running, sleeping 300s
2026-07-25 08:06:32    [wait] 30/30 still running, sleeping 300s
2026-07-25 08:11:32    [wait] 30/30 still running, sleeping 300s
2026-07-25 08:16:32    [wait] 30/30 still running, sleeping 300s
2026-07-25 08:21:32    [wait] 30/30 still running, sleeping 300s
2026-07-25 08:26:32    [wait] 30/30 still running, sleeping 300s
2026-07-25 08:31:32    [wait] 30/30 still running, sleeping 300s
2026-07-25 08:36:32    [wait] 30/30 still running, sleeping 300s
2026-07-25 08:41:32    [wait] 30/30 still running, sleeping 300s
2026-07-25 08:46:32    [wait] 30/30 still running, sleeping 300s
2026-07-25 08:51:32    [wait] 30/30 still running, sleeping 300s
2026-07-25 08:56:32    [wait] 30/30 still running, sleeping 300s
2026-07-25 09:01:32    [wait] 30/30 still running, sleeping 300s
2026-07-25 09:06:32    [wait] 30/30 still running, sleeping 300s
2026-07-25 09:11:32    [wait] 30/30 still running, sleeping 300s
2026-07-25 09:16:32    [wait] 30/30 still running, sleeping 300s
2026-07-25 09:21:32    [wait] 30/30 still running, sleeping 300s
2026-07-25 09:26:32    [wait] 30/30 still running, sleeping 300s
2026-07-25 09:31:32    [wait] 30/30 still running, sleeping 300s
2026-07-25 09:36:32    [wait] 30/30 still running, sleeping 300s
2026-07-25 09:41:32    [wait] 30/30 still running, sleeping 300s
2026-07-25 09:46:32    [wait] 30/30 still running, sleeping 300s
2026-07-25 09:51:32    [wait] 30/30 still running, sleeping 300s
2026-07-25 09:56:32    [wait] 30/30 still running, sleeping 300s
2026-07-25 10:01:32    [wait] 30/30 still running, sleeping 300s
2026-07-25 10:06:32    [wait] 30/30 still running, sleeping 300s
2026-07-25 10:11:32    [wait] 30/30 still running, sleeping 300s
2026-07-25 10:16:32    [wait] 30/30 still running, sleeping 300s
2026-07-25 10:21:32    [wait] 30/30 still running, sleeping 300s
2026-07-25 10:26:32    [wait] 30/30 still running, sleeping 300s
2026-07-25 10:31:32    [wait] 30/30 still running, sleeping 300s
2026-07-25 10:36:32    [wait] 30/30 still running, sleeping 300s
2026-07-25 10:41:32    [wait] 30/30 still running, sleeping 300s
2026-07-25 10:46:32    [wait] 30/30 still running, sleeping 300s
2026-07-25 10:51:32    [wait] 30/30 still running, sleeping 300s
2026-07-25 10:56:34    [wait] 30/30 still running, sleeping 300s
2026-07-25 11:01:34    [wait] 30/30 still running, sleeping 300s
2026-07-25 11:06:34    [wait] 30/30 still running, sleeping 300s
2026-07-25 11:11:34    [wait] 30/30 still running, sleeping 300s
2026-07-25 11:16:34    [wait] 30/30 still running, sleeping 300s
2026-07-25 11:21:34    [wait] 30/30 still running, sleeping 300s
2026-07-25 11:26:34    [wait] 30/30 still running, sleeping 300s
2026-07-25 11:31:34    [wait] 30/30 still running, sleeping 300s
2026-07-25 11:36:34    [wait] 30/30 still running, sleeping 300s
2026-07-25 11:41:34    [wait] 30/30 still running, sleeping 300s
2026-07-25 11:46:34    [wait] 30/30 still running, sleeping 300s
2026-07-25 11:51:34    [wait] 30/30 still running, sleeping 300s
2026-07-25 11:56:34    [wait] 30/30 still running, sleeping 300s
2026-07-25 12:01:34    [wait] 30/30 still running, sleeping 300s
2026-07-25 12:06:34    [wait] 30/30 still running, sleeping 300s
2026-07-25 12:11:34    [wait] 30/30 still running, sleeping 300s
2026-07-25 12:16:34    [wait] 30/30 still running, sleeping 300s
2026-07-25 12:21:34    [wait] 30/30 still running, sleeping 300s
2026-07-25 12:26:34    [wait] 30/30 still running, sleeping 300s
2026-07-25 12:31:34    [wait] 30/30 still running, sleeping 300s
2026-07-25 12:36:34    [wait] 30/30 still running, sleeping 300s
2026-07-25 12:41:34    [wait] 30/30 still running, sleeping 300s
2026-07-25 12:46:34    [wait] 30/30 still running, sleeping 300s
2026-07-25 12:51:34    [wait] 30/30 still running, sleeping 300s
2026-07-25 12:56:35    [wait] 30/30 still running, sleeping 300s
2026-07-25 13:01:35    [wait] 30/30 still running, sleeping 300s
2026-07-25 13:06:35    [wait] 30/30 still running, sleeping 300s
2026-07-25 13:11:35    [wait] 30/30 still running, sleeping 300s
2026-07-25 13:16:35    [wait] 30/30 still running, sleeping 300s
2026-07-25 13:21:35    [wait] 30/30 still running, sleeping 300s
2026-07-25 13:26:35    [wait] 30/30 still running, sleeping 300s
2026-07-25 13:31:35    [wait] 30/30 still running, sleeping 300s
2026-07-25 13:36:35    [wait] 30/30 still running, sleeping 300s
2026-07-25 13:41:35    [wait] 30/30 still running, sleeping 300s
2026-07-25 13:46:35    [wait] 30/30 still running, sleeping 300s
2026-07-25 13:51:35    [wait] 30/30 still running, sleeping 300s
2026-07-25 13:56:35    [wait] 30/30 still running, sleeping 300s
2026-07-25 14:01:35    [wait] 30/30 still running, sleeping 300s
2026-07-25 14:06:35    [wait] 30/30 still running, sleeping 300s
2026-07-25 14:11:35    [wait] 30/30 still running, sleeping 300s
2026-07-25 14:16:35    [wait] 30/30 still running, sleeping 300s
2026-07-25 14:21:35    [wait] 30/30 still running, sleeping 300s
2026-07-25 14:26:35    [wait] 30/30 still running, sleeping 300s
2026-07-25 14:31:35    [wait] 30/30 still running, sleeping 300s
2026-07-25 14:36:35    [wait] 30/30 still running, sleeping 300s
2026-07-25 14:41:35    [wait] 30/30 still running, sleeping 300s
2026-07-25 14:46:35    [wait] 30/30 still running, sleeping 300s
2026-07-25 14:51:36    [wait] 30/30 still running, sleeping 300s
2026-07-25 14:56:36    [wait] 30/30 still running, sleeping 300s
2026-07-25 15:01:36    [wait] 30/30 still running, sleeping 300s
2026-07-25 15:06:36    [wait] 30/30 still running, sleeping 300s
2026-07-25 15:11:36    [wait] 30/30 still running, sleeping 300s
2026-07-25 15:16:36    [wait] 30/30 still running, sleeping 300s
2026-07-25 15:21:36    [wait] 30/30 still running, sleeping 300s
2026-07-25 15:26:36    [wait] 30/30 still running, sleeping 300s
2026-07-25 15:31:36    [wait] 30/30 still running, sleeping 300s
2026-07-25 15:36:36    [wait] 30/30 still running, sleeping 300s
2026-07-25 15:41:36    [wait] 30/30 still running, sleeping 300s
2026-07-25 15:46:36    [wait] 30/30 still running, sleeping 300s
2026-07-25 15:51:36    [wait] 30/30 still running, sleeping 300s
2026-07-25 15:56:36    [wait] 30/30 still running, sleeping 300s
2026-07-25 16:01:36    [wait] 30/30 still running, sleeping 300s
2026-07-25 16:06:36    [wait] 30/30 still running, sleeping 300s
2026-07-25 16:11:36    [wait] 30/30 still running, sleeping 300s
2026-07-25 16:16:36    [wait] 30/30 still running, sleeping 300s
2026-07-25 16:21:36    [wait] 30/30 still running, sleeping 300s
2026-07-25 16:26:36    [wait] 30/30 still running, sleeping 300s
2026-07-25 16:31:36    [wait] 30/30 still running, sleeping 300s
2026-07-25 16:36:36    [wait] 30/30 still running, sleeping 300s
2026-07-25 16:41:36    [wait] 30/30 still running, sleeping 300s
2026-07-25 16:46:36    [wait] 30/30 still running, sleeping 300s
2026-07-25 16:51:36    [wait] 30/30 still running, sleeping 300s
2026-07-25 16:56:36    [wait] 30/30 still running, sleeping 300s
2026-07-25 17:01:36    [wait] 30/30 still running, sleeping 300s
2026-07-25 17:06:36    [wait] 30/30 still running, sleeping 300s
2026-07-25 17:11:36    [wait] 30/30 still running, sleeping 300s
2026-07-25 17:16:37    [wait] 30/30 still running, sleeping 300s
2026-07-25 17:21:37    [wait] 30/30 still running, sleeping 300s
2026-07-25 17:26:37    [wait] 30/30 still running, sleeping 300s
2026-07-25 17:31:37    [wait] 30/30 still running, sleeping 300s
2026-07-25 17:36:37    [wait] 30/30 still running, sleeping 300s
2026-07-25 17:41:37    [wait] 30/30 still running, sleeping 300s
2026-07-25 17:46:37    [wait] 30/30 still running, sleeping 300s
2026-07-25 17:51:37    [wait] 30/30 still running, sleeping 300s
2026-07-25 17:56:37    [wait] 30/30 still running, sleeping 300s
2026-07-25 18:01:37    [wait] 30/30 still running, sleeping 300s
2026-07-25 18:06:37    [wait] 30/30 still running, sleeping 300s
2026-07-25 18:11:37    [wait] 30/30 still running, sleeping 300s
2026-07-25 18:16:37    [wait] 30/30 still running, sleeping 300s
2026-07-25 18:21:37    [wait] 30/30 still running, sleeping 300s
2026-07-25 18:26:38    [wait] 30/30 still running, sleeping 300s
2026-07-25 18:31:38    [wait] 30/30 still running, sleeping 300s
2026-07-25 18:36:38    [wait] 30/30 still running, sleeping 300s
2026-07-25 18:41:38    [wait] 30/30 still running, sleeping 300s
2026-07-25 18:46:38    [wait] 30/30 still running, sleeping 300s
2026-07-25 18:51:38    [wait] 30/30 still running, sleeping 300s
2026-07-25 18:56:38    [wait] 30/30 still running, sleeping 300s
2026-07-25 19:01:38    [wait] 30/30 still running, sleeping 300s
2026-07-25 19:06:38    [wait] 30/30 still running, sleeping 300s
2026-07-25 19:11:38    [wait] 30/30 still running, sleeping 300s
2026-07-25 19:16:38    [wait] 30/30 still running, sleeping 300s
2026-07-25 19:21:38    [wait] 30/30 still running, sleeping 300s
2026-07-25 19:26:38    [wait] 30/30 still running, sleeping 300s
2026-07-25 19:31:38    [wait] 30/30 still running, sleeping 300s
2026-07-25 19:36:39    [wait] 30/30 still running, sleeping 300s
2026-07-25 19:41:39    [wait] 30/30 still running, sleeping 300s
2026-07-25 19:46:39    [wait] 30/30 still running, sleeping 300s
2026-07-25 19:51:39    [wait] 30/30 still running, sleeping 300s
2026-07-25 19:56:39    [wait] 30/30 still running, sleeping 300s
2026-07-25 20:01:39    [wait] 30/30 still running, sleeping 300s
2026-07-25 20:06:39    [wait] 30/30 still running, sleeping 300s
2026-07-25 20:11:39    [wait] 30/30 still running, sleeping 300s
2026-07-25 20:16:39    [wait] 30/30 still running, sleeping 300s
2026-07-25 20:21:39    [wait] 30/30 still running, sleeping 300s
2026-07-25 20:26:39    [wait] 30/30 still running, sleeping 300s
2026-07-25 20:31:39    [wait] 30/30 still running, sleeping 300s
2026-07-25 20:36:39    [wait] 30/30 still running, sleeping 300s
2026-07-25 20:41:39    [wait] 30/30 still running, sleeping 300s
2026-07-25 20:46:39    [wait] 30/30 still running, sleeping 300s
2026-07-25 20:51:39    [wait] 30/30 still running, sleeping 300s
2026-07-25 20:56:39    [wait] 30/30 still running, sleeping 300s
2026-07-25 21:01:39    [wait] 30/30 still running, sleeping 300s
2026-07-25 21:06:39    [wait] 30/30 still running, sleeping 300s
2026-07-25 21:11:39    [wait] 30/30 still running, sleeping 300s
2026-07-25 21:16:39    [wait] 30/30 still running, sleeping 300s
2026-07-25 21:21:39    [wait] 30/30 still running, sleeping 300s
2026-07-25 21:26:39    [wait] 30/30 still running, sleeping 300s
2026-07-25 21:31:40    [wait] 30/30 still running, sleeping 300s
2026-07-25 21:36:40    [wait] 30/30 still running, sleeping 300s
2026-07-25 21:41:40    [wait] 30/30 still running, sleeping 300s
2026-07-25 21:46:40    [wait] 30/30 still running, sleeping 300s
2026-07-25 21:51:40    [wait] 30/30 still running, sleeping 300s
2026-07-25 21:56:40    [wait] 30/30 still running, sleeping 300s
2026-07-25 22:01:40    [wait] 30/30 still running, sleeping 300s
2026-07-25 22:06:40    [wait] 30/30 still running, sleeping 300s
2026-07-25 22:11:40    [wait] 30/30 still running, sleeping 300s
2026-07-25 22:16:40    [wait] 30/30 still running, sleeping 300s
2026-07-25 22:21:40    [wait] 30/30 still running, sleeping 300s
2026-07-25 22:26:40    [wait] 30/30 still running, sleeping 300s
2026-07-25 22:31:40    [wait] 30/30 still running, sleeping 300s
2026-07-25 22:36:40    [wait] 30/30 still running, sleeping 300s
2026-07-25 22:41:40    [wait] 30/30 still running, sleeping 300s
2026-07-25 22:46:40    [wait] 30/30 still running, sleeping 300s
2026-07-25 22:51:40    [wait] 30/30 still running, sleeping 300s
2026-07-25 22:56:40    [wait] 30/30 still running, sleeping 300s
2026-07-25 23:01:40    [wait] 30/30 still running, sleeping 300s
2026-07-25 23:06:40    [wait] 30/30 still running, sleeping 300s
2026-07-25 23:11:41    [wait] 30/30 still running, sleeping 300s
2026-07-25 23:16:41    [wait] 30/30 still running, sleeping 300s
2026-07-25 23:21:41    [wait] 30/30 still running, sleeping 300s
2026-07-25 23:26:41    [wait] 30/30 still running, sleeping 300s
2026-07-25 23:31:41    [wait] 30/30 still running, sleeping 300s
2026-07-25 23:36:41    [wait] 30/30 still running, sleeping 300s
2026-07-25 23:41:41    [wait] 30/30 still running, sleeping 300s
2026-07-25 23:46:41    [wait] 30/30 still running, sleeping 300s
2026-07-25 23:51:41    [wait] 30/30 still running, sleeping 300s
2026-07-25 23:56:41    [wait] 30/30 still running, sleeping 300s
2026-07-26 00:01:41    [wait] 30/30 still running, sleeping 300s
2026-07-26 00:06:41    [wait] 30/30 still running, sleeping 300s
2026-07-26 00:11:41    [wait] 30/30 still running, sleeping 300s
2026-07-26 00:16:41    [wait] 30/30 still running, sleeping 300s
2026-07-26 00:21:41    [wait] 30/30 still running, sleeping 300s
2026-07-26 00:26:41    [wait] 30/30 still running, sleeping 300s
2026-07-26 00:31:41    [wait] 30/30 still running, sleeping 300s
2026-07-26 00:36:41    [wait] 30/30 still running, sleeping 300s
2026-07-26 00:41:41    [wait] 30/30 still running, sleeping 300s
2026-07-26 00:46:41    [wait] 30/30 still running, sleeping 300s
2026-07-26 00:51:41    [wait] 30/30 still running, sleeping 300s
2026-07-26 00:56:41    [wait] 30/30 still running, sleeping 300s
2026-07-26 01:01:41    [wait] 30/30 still running, sleeping 300s
2026-07-26 01:06:41    [wait] 30/30 still running, sleeping 300s
2026-07-26 01:11:41    [wait] 30/30 still running, sleeping 300s
2026-07-26 01:16:41    [wait] 30/30 still running, sleeping 300s
2026-07-26 01:21:41    [wait] 30/30 still running, sleeping 300s
2026-07-26 01:26:41    [wait] 30/30 still running, sleeping 300s
2026-07-26 01:31:41    [wait] 30/30 still running, sleeping 300s
2026-07-26 01:36:41    [wait] 30/30 still running, sleeping 300s
2026-07-26 01:41:41    [wait] 30/30 still running, sleeping 300s
2026-07-26 01:46:42    [wait] 30/30 still running, sleeping 300s
2026-07-26 01:51:42    [wait] 30/30 still running, sleeping 300s
2026-07-26 01:56:42    [wait] 30/30 still running, sleeping 300s
2026-07-26 02:01:42    [wait] 30/30 still running, sleeping 300s
2026-07-26 02:06:42    [wait] 30/30 still running, sleeping 300s
2026-07-26 02:11:42    [wait] 30/30 still running, sleeping 300s
2026-07-26 02:16:42    [wait] 30/30 still running, sleeping 300s
2026-07-26 02:21:42    [wait] 30/30 still running, sleeping 300s
2026-07-26 02:26:42    [wait] 30/30 still running, sleeping 300s
2026-07-26 02:31:42    [wait] 30/30 still running, sleeping 300s
2026-07-26 02:36:42    [wait] 30/30 still running, sleeping 300s
2026-07-26 02:41:42    [wait] 30/30 still running, sleeping 300s
2026-07-26 02:46:42    [wait] 30/30 still running, sleeping 300s
2026-07-26 02:51:42    [wait] 30/30 still running, sleeping 300s
2026-07-26 02:56:42    [wait] 30/30 still running, sleeping 300s
2026-07-26 03:01:42    [wait] 30/30 still running, sleeping 300s
2026-07-26 03:06:42    [wait] 30/30 still running, sleeping 300s
2026-07-26 03:11:43    [wait] 30/30 still running, sleeping 300s
2026-07-26 03:16:43    [wait] 30/30 still running, sleeping 300s
2026-07-26 03:21:43    [wait] 30/30 still running, sleeping 300s
2026-07-26 03:26:43    [wait] 30/30 still running, sleeping 300s
2026-07-26 03:31:43    [wait] 30/30 still running, sleeping 300s
2026-07-26 03:36:43    [wait] 30/30 still running, sleeping 300s
2026-07-26 03:41:43    [wait] 30/30 still running, sleeping 300s
2026-07-26 03:46:43    [wait] 30/30 still running, sleeping 300s
2026-07-26 03:51:43    [wait] 30/30 still running, sleeping 300s
2026-07-26 03:56:43    [wait] 30/30 still running, sleeping 300s
2026-07-26 04:01:43    [wait] 30/30 still running, sleeping 300s
2026-07-26 04:06:43    [wait] 30/30 still running, sleeping 300s
2026-07-26 04:11:43    [wait] 30/30 still running, sleeping 300s
2026-07-26 04:16:43    [wait] 30/30 still running, sleeping 300s
2026-07-26 04:21:43    [wait] 30/30 still running, sleeping 300s
2026-07-26 04:26:43    [wait] 30/30 still running, sleeping 300s
2026-07-26 04:31:44    [wait] 30/30 still running, sleeping 300s
2026-07-26 04:36:44    [wait] 30/30 still running, sleeping 300s
2026-07-26 04:41:44    [wait] 30/30 still running, sleeping 300s
2026-07-26 04:46:44    [wait] 30/30 still running, sleeping 300s
2026-07-26 04:51:44    [wait] 30/30 still running, sleeping 300s
2026-07-26 04:56:44    [wait] 30/30 still running, sleeping 300s
2026-07-26 05:01:44    [wait] 30/30 still running, sleeping 300s
2026-07-26 05:06:44    [wait] 30/30 still running, sleeping 300s
2026-07-26 05:11:44    [wait] 30/30 still running, sleeping 300s
2026-07-26 05:16:44    [wait] 30/30 still running, sleeping 300s
2026-07-26 05:21:44    [wait] 30/30 still running, sleeping 300s
2026-07-26 05:26:44    [wait] 30/30 still running, sleeping 300s
2026-07-26 05:31:44    [wait] 30/30 still running, sleeping 300s
2026-07-26 05:36:44    [wait] 30/30 still running, sleeping 300s
2026-07-26 05:41:44    [wait] 30/30 still running, sleeping 300s
2026-07-26 05:46:44    [wait] 30/30 still running, sleeping 300s
2026-07-26 05:51:44    [wait] 30/30 still running, sleeping 300s
2026-07-26 05:56:44    [wait] 30/30 still running, sleeping 300s
2026-07-26 06:01:44    [wait] 30/30 still running, sleeping 300s
2026-07-26 06:06:44    [wait] 30/30 still running, sleeping 300s
2026-07-26 06:11:44    [wait] 30/30 still running, sleeping 300s
2026-07-26 06:16:44    [wait] 30/30 still running, sleeping 300s
2026-07-26 06:21:44    [wait] 30/30 still running, sleeping 300s
2026-07-26 06:26:45    [wait] 30/30 still running, sleeping 300s
2026-07-26 06:31:45    [wait] 30/30 still running, sleeping 300s
2026-07-26 06:36:45    [wait] 30/30 still running, sleeping 300s
2026-07-26 06:41:45    [wait] 30/30 still running, sleeping 300s
2026-07-26 06:46:45    [wait] 30/30 still running, sleeping 300s
2026-07-26 06:51:45    [wait] 30/30 still running, sleeping 300s
2026-07-26 06:56:45    [wait] 30/30 still running, sleeping 300s
2026-07-26 07:01:45    [wait] 30/30 still running, sleeping 300s
2026-07-26 07:06:45    [wait] 30/30 still running, sleeping 300s
2026-07-26 07:11:45    [wait] 30/30 still running, sleeping 300s
2026-07-26 07:16:45    [wait] 30/30 still running, sleeping 300s
2026-07-26 07:21:45    [wait] 30/30 still running, sleeping 300s
2026-07-26 07:26:45    [wait] 30/30 still running, sleeping 300s
2026-07-26 07:31:45    [wait] 30/30 still running, sleeping 300s
2026-07-26 07:36:45    [wait] 30/30 still running, sleeping 300s
2026-07-26 07:41:45    [wait] 30/30 still running, sleeping 300s
2026-07-26 07:46:45    [wait] 30/30 still running, sleeping 300s
2026-07-26 07:51:45    [wait] 30/30 still running, sleeping 300s
2026-07-26 07:56:45    [wait] 30/30 still running, sleeping 300s
2026-07-26 08:01:45    [wait] 30/30 still running, sleeping 300s
2026-07-26 08:06:45    [wait] 30/30 still running, sleeping 300s
2026-07-26 08:11:45    [wait] 30/30 still running, sleeping 300s
2026-07-26 08:16:45    [wait] 30/30 still running, sleeping 300s
2026-07-26 08:21:45    [wait] 30/30 still running, sleeping 300s
2026-07-26 08:26:45    [wait] 30/30 still running, sleeping 300s
2026-07-26 08:31:45    [wait] 30/30 still running, sleeping 300s
2026-07-26 08:36:45    [wait] 30/30 still running, sleeping 300s
2026-07-26 08:41:45    [wait] 30/30 still running, sleeping 300s
2026-07-26 08:46:45    [wait] 30/30 still running, sleeping 300s
2026-07-26 08:51:46    [wait] 30/30 still running, sleeping 300s
2026-07-26 08:56:46    [wait] 30/30 still running, sleeping 300s
2026-07-26 09:01:46    [wait] 30/30 still running, sleeping 300s
2026-07-26 09:06:46    [wait] 30/30 still running, sleeping 300s
2026-07-26 09:11:46    [wait] 30/30 still running, sleeping 300s
2026-07-26 09:16:46    [wait] 30/30 still running, sleeping 300s
2026-07-26 09:21:46    [wait] 30/30 still running, sleeping 300s
2026-07-26 09:26:46    [wait] 30/30 still running, sleeping 300s
2026-07-26 09:31:46    [wait] 30/30 still running, sleeping 300s
2026-07-26 09:36:46    [wait] 30/30 still running, sleeping 300s
2026-07-26 09:41:46    [wait] 30/30 still running, sleeping 300s
2026-07-26 09:46:46    [wait] 30/30 still running, sleeping 300s
2026-07-26 09:51:46    [wait] 30/30 still running, sleeping 300s
2026-07-26 09:56:46    [wait] 30/30 still running, sleeping 300s
2026-07-26 10:01:47    [wait] 30/30 still running, sleeping 300s
2026-07-26 10:06:47    [wait] 30/30 still running, sleeping 300s
2026-07-26 10:11:47    [wait] 30/30 still running, sleeping 300s
2026-07-26 10:16:47    [wait] 30/30 still running, sleeping 300s
2026-07-26 10:21:47    [wait] 30/30 still running, sleeping 300s
2026-07-26 10:26:47    [wait] 30/30 still running, sleeping 300s
2026-07-26 10:31:47    [wait] 30/30 still running, sleeping 300s
2026-07-26 10:36:47    [wait] 30/30 still running, sleeping 300s
2026-07-26 10:41:47    [wait] 30/30 still running, sleeping 300s
2026-07-26 10:46:47    [wait] 30/30 still running, sleeping 300s
2026-07-26 10:51:47    [wait] 30/30 still running, sleeping 300s
2026-07-26 10:56:47    [wait] 30/30 still running, sleeping 300s
2026-07-26 11:01:47    [wait] 30/30 still running, sleeping 300s
2026-07-26 11:06:47    [wait] 30/30 still running, sleeping 300s
2026-07-26 11:11:47    [wait] 30/30 still running, sleeping 300s
2026-07-26 11:16:48    [wait] 30/30 still running, sleeping 300s
2026-07-26 11:21:48    [wait] 30/30 still running, sleeping 300s
2026-07-26 11:26:48    [wait] 30/30 still running, sleeping 300s
2026-07-26 11:31:48    [wait] 30/30 still running, sleeping 300s
2026-07-26 11:36:48    [wait] 30/30 still running, sleeping 300s
2026-07-26 11:41:48    [wait] 30/30 still running, sleeping 300s
2026-07-26 11:46:48    [wait] 30/30 still running, sleeping 300s
2026-07-26 11:51:48    [wait] 30/30 still running, sleeping 300s
2026-07-26 11:56:48    [wait] 30/30 still running, sleeping 300s
2026-07-26 12:01:48    [wait] 30/30 still running, sleeping 300s
2026-07-26 12:06:48    [wait] 30/30 still running, sleeping 300s
2026-07-26 12:11:49    [wait] 30/30 still running, sleeping 300s
2026-07-26 12:16:49    [wait] 30/30 still running, sleeping 300s
2026-07-26 12:21:49    [wait] 30/30 still running, sleeping 300s
2026-07-26 12:26:49    [wait] 30/30 still running, sleeping 300s
2026-07-26 12:31:49    [wait] 30/30 still running, sleeping 300s
2026-07-26 12:36:49    [wait] 30/30 still running, sleeping 300s
2026-07-26 12:41:49    [wait] 30/30 still running, sleeping 300s
2026-07-26 12:46:49    [wait] 30/30 still running, sleeping 300s
2026-07-26 12:51:49    [wait] 30/30 still running, sleeping 300s
2026-07-26 12:56:49    [wait] 30/30 still running, sleeping 300s
2026-07-26 13:01:49    [wait] 30/30 still running, sleeping 300s
2026-07-26 13:06:49    [wait] 30/30 still running, sleeping 300s
2026-07-26 13:11:49    [wait] 30/30 still running, sleeping 300s
2026-07-26 13:16:49    [wait] 30/30 still running, sleeping 300s
2026-07-26 13:21:49    [wait] 30/30 still running, sleeping 300s
2026-07-26 13:26:49    [wait] 30/30 still running, sleeping 300s
2026-07-26 13:31:49    [wait] 30/30 still running, sleeping 300s
2026-07-26 13:36:49    [wait] 30/30 still running, sleeping 300s
2026-07-26 13:41:49    [wait] 30/30 still running, sleeping 300s
2026-07-26 13:46:49    [wait] 30/30 still running, sleeping 300s
2026-07-26 13:51:49    [wait] 30/30 still running, sleeping 300s
2026-07-26 13:56:49    [wait] 30/30 still running, sleeping 300s
2026-07-26 14:01:50    [wait] 30/30 still running, sleeping 300s
2026-07-26 14:06:50    [wait] 30/30 still running, sleeping 300s
2026-07-26 14:11:50    [wait] 30/30 still running, sleeping 300s
2026-07-26 14:16:50    [wait] 30/30 still running, sleeping 300s
2026-07-26 14:21:50    [wait] 30/30 still running, sleeping 300s
2026-07-26 14:26:50    [wait] 30/30 still running, sleeping 300s
2026-07-26 14:31:51    [wait] 30/30 still running, sleeping 300s
2026-07-26 14:36:51    [wait] 30/30 still running, sleeping 300s
2026-07-26 14:41:51    [wait] 30/30 still running, sleeping 300s
2026-07-26 14:46:51    [wait] 30/30 still running, sleeping 300s
2026-07-26 14:51:51    [wait] 30/30 still running, sleeping 300s
2026-07-26 14:56:51    [wait] 30/30 still running, sleeping 300s
2026-07-26 15:01:51    [wait] 30/30 still running, sleeping 300s
2026-07-26 15:06:51    [wait] 30/30 still running, sleeping 300s
2026-07-26 15:11:51    [wait] 30/30 still running, sleeping 300s
2026-07-26 15:16:51    [wait] 30/30 still running, sleeping 300s
2026-07-26 15:21:51    [wait] 30/30 still running, sleeping 300s
2026-07-26 15:26:51    [wait] 30/30 still running, sleeping 300s
2026-07-26 15:31:51    [wait] 30/30 still running, sleeping 300s
2026-07-26 15:36:51    [wait] 30/30 still running, sleeping 300s
2026-07-26 15:41:51    [wait] 30/30 still running, sleeping 300s
2026-07-26 15:46:51    [wait] 30/30 still running, sleeping 300s
2026-07-26 15:51:51    [wait] 30/30 still running, sleeping 300s
2026-07-26 15:56:51    [wait] 30/30 still running, sleeping 300s
2026-07-26 16:01:51    [wait] 30/30 still running, sleeping 300s
2026-07-26 16:06:51    [wait] 30/30 still running, sleeping 300s
2026-07-26 16:11:51    [wait] 30/30 still running, sleeping 300s
2026-07-26 16:16:51    [wait] 30/30 still running, sleeping 300s
2026-07-26 16:21:51    [wait] 30/30 still running, sleeping 300s
2026-07-26 16:26:51    [wait] 30/30 still running, sleeping 300s
2026-07-26 16:31:51    [wait] 30/30 still running, sleeping 300s
2026-07-26 16:36:51    [wait] 30/30 still running, sleeping 300s
2026-07-26 16:41:51    [wait] 30/30 still running, sleeping 300s
2026-07-26 16:46:52    [wait] 30/30 still running, sleeping 300s
2026-07-26 16:51:52    [wait] 30/30 still running, sleeping 300s
2026-07-26 16:56:52    [wait] 30/30 still running, sleeping 300s
2026-07-26 17:01:52    [wait] 30/30 still running, sleeping 300s
2026-07-26 17:06:52    [wait] 30/30 still running, sleeping 300s
2026-07-26 17:11:52    [wait] 30/30 still running, sleeping 300s
2026-07-26 17:16:52    [wait] 30/30 still running, sleeping 300s
2026-07-26 17:21:52    [wait] 30/30 still running, sleeping 300s
2026-07-26 17:26:52    [wait] 30/30 still running, sleeping 300s
2026-07-26 17:31:52    [wait] 30/30 still running, sleeping 300s
2026-07-26 17:36:52    [wait] 30/30 still running, sleeping 300s
2026-07-26 17:41:52    [wait] 30/30 still running, sleeping 300s
2026-07-26 17:46:52    [wait] 30/30 still running, sleeping 300s
2026-07-26 17:51:52    [wait] 30/30 still running, sleeping 300s
2026-07-26 17:56:52    [wait] 30/30 still running, sleeping 300s
2026-07-26 18:01:52    [wait] 30/30 still running, sleeping 300s
2026-07-26 18:06:52    [wait] 30/30 still running, sleeping 300s
2026-07-26 18:11:52    [wait] 30/30 still running, sleeping 300s
2026-07-26 18:16:52    [wait] 30/30 still running, sleeping 300s
2026-07-26 18:21:52    [wait] 30/30 still running, sleeping 300s
2026-07-26 18:26:53    [wait] 30/30 still running, sleeping 300s
2026-07-26 18:31:53    [wait] 30/30 still running, sleeping 300s
2026-07-26 18:36:53    [wait] 30/30 still running, sleeping 300s
2026-07-26 18:41:53    [wait] 30/30 still running, sleeping 300s
2026-07-26 18:46:53    [wait] 30/30 still running, sleeping 300s
2026-07-26 18:51:53    [wait] 30/30 still running, sleeping 300s
2026-07-26 18:56:53    [wait] 30/30 still running, sleeping 300s
2026-07-26 19:01:53    [wait] 30/30 still running, sleeping 300s
2026-07-26 19:06:53    [wait] 30/30 still running, sleeping 300s
2026-07-26 19:11:53    [wait] 30/30 still running, sleeping 300s
2026-07-26 19:16:53    [wait] 30/30 still running, sleeping 300s
2026-07-26 19:21:53    [wait] 30/30 still running, sleeping 300s
2026-07-26 19:26:53    [wait] 30/30 still running, sleeping 300s
2026-07-26 19:31:54    [wait] 30/30 still running, sleeping 300s
2026-07-26 19:36:54    [wait] 30/30 still running, sleeping 300s
2026-07-26 19:41:54    [wait] 30/30 still running, sleeping 300s
2026-07-26 19:46:54    [wait] 30/30 still running, sleeping 300s
2026-07-26 19:51:54    [wait] 30/30 still running, sleeping 300s
2026-07-26 19:56:54    [wait] 30/30 still running, sleeping 300s
2026-07-26 20:01:54    [wait] 30/30 still running, sleeping 300s
2026-07-26 20:06:54    [wait] 30/30 still running, sleeping 300s
2026-07-26 20:11:54    [wait] 30/30 still running, sleeping 300s
2026-07-26 20:16:54    [wait] 30/30 still running, sleeping 300s
2026-07-26 20:21:54    [wait] 30/30 still running, sleeping 300s
2026-07-26 20:26:54    [wait] 30/30 still running, sleeping 300s
2026-07-26 20:31:54    [wait] 30/30 still running, sleeping 300s
2026-07-26 20:36:54    [wait] 30/30 still running, sleeping 300s
2026-07-26 20:41:54    [wait] 30/30 still running, sleeping 300s
2026-07-26 20:46:54    [wait] 30/30 still running, sleeping 300s
2026-07-26 20:51:54    [wait] 30/30 still running, sleeping 300s
2026-07-26 20:56:54    [wait] 30/30 still running, sleeping 300s
2026-07-26 21:01:54    [wait] 30/30 still running, sleeping 300s
2026-07-26 21:06:54    [wait] 30/30 still running, sleeping 300s
2026-07-26 21:11:54    [wait] 30/30 still running, sleeping 300s
2026-07-26 21:16:54    [wait] 30/30 still running, sleeping 300s
2026-07-26 21:21:54    [wait] 30/30 still running, sleeping 300s
2026-07-26 21:26:54    [wait] 30/30 still running, sleeping 300s
2026-07-26 21:31:54    [wait] 30/30 still running, sleeping 300s
2026-07-26 21:36:54    [wait] 30/30 still running, sleeping 300s
2026-07-26 21:41:54    [wait] 30/30 still running, sleeping 300s
2026-07-26 21:46:54    [wait] 30/30 still running, sleeping 300s
2026-07-26 21:51:54    [wait] 30/30 still running, sleeping 300s
2026-07-26 21:56:54    [wait] 30/30 still running, sleeping 300s
2026-07-26 22:01:55    [wait] 30/30 still running, sleeping 300s
2026-07-26 22:06:55    [wait] 30/30 still running, sleeping 300s
2026-07-26 22:11:55    [wait] 30/30 still running, sleeping 300s
2026-07-26 22:16:55    [wait] 30/30 still running, sleeping 300s
2026-07-26 22:21:55    [wait] 30/30 still running, sleeping 300s
2026-07-26 22:26:55    [wait] 30/30 still running, sleeping 300s
2026-07-26 22:31:55    [wait] 30/30 still running, sleeping 300s
2026-07-26 22:36:55    [wait] 30/30 still running, sleeping 300s
2026-07-26 22:41:55    [wait] 30/30 still running, sleeping 300s
2026-07-26 22:46:55    [wait] 30/30 still running, sleeping 300s
2026-07-26 22:51:55    [wait] 30/30 still running, sleeping 300s
2026-07-26 22:56:55    [wait] 30/30 still running, sleeping 300s
2026-07-26 23:01:55    [wait] 30/30 still running, sleeping 300s
2026-07-26 23:06:55    [wait] 30/30 still running, sleeping 300s
2026-07-26 23:11:55    [wait] 30/30 still running, sleeping 300s
2026-07-26 23:16:55    [wait] 30/30 still running, sleeping 300s
2026-07-26 23:21:55    [wait] 30/30 still running, sleeping 300s
2026-07-26 23:26:55    [wait] 30/30 still running, sleeping 300s
2026-07-26 23:31:55    [wait] 30/30 still running, sleeping 300s
2026-07-26 23:36:55    [wait] 30/30 still running, sleeping 300s
2026-07-26 23:41:55    [wait] 30/30 still running, sleeping 300s
2026-07-26 23:46:55    [wait] 30/30 still running, sleeping 300s
2026-07-26 23:51:55    [wait] 30/30 still running, sleeping 300s
2026-07-26 23:56:55    [wait] 30/30 still running, sleeping 300s
2026-07-27 00:01:55    [wait] 30/30 still running, sleeping 300s
2026-07-27 00:06:56    [wait] 30/30 still running, sleeping 300s
2026-07-27 00:11:56    [wait] 29/30 still running, sleeping 300s
2026-07-27 00:16:56    [wait] 29/30 still running, sleeping 300s
2026-07-27 00:21:56    [wait] 29/30 still running, sleeping 300s
2026-07-27 00:26:56    [wait] 28/30 still running, sleeping 300s
2026-07-27 00:31:56    [wait] 27/30 still running, sleeping 300s
2026-07-27 00:36:56    [wait] 27/30 still running, sleeping 300s
2026-07-27 00:41:56    [wait] 27/30 still running, sleeping 300s
2026-07-27 00:46:56    [wait] 26/30 still running, sleeping 300s
2026-07-27 00:51:56    [wait] 26/30 still running, sleeping 300s
2026-07-27 00:56:56    [wait] 25/30 still running, sleeping 300s
2026-07-27 01:01:56    [wait] 24/30 still running, sleeping 300s
2026-07-27 01:06:56    [wait] 24/30 still running, sleeping 300s
2026-07-27 01:11:56    [wait] 23/30 still running, sleeping 300s
2026-07-27 01:16:56    [wait] 23/30 still running, sleeping 300s
2026-07-27 01:21:56    [wait] 23/30 still running, sleeping 300s
2026-07-27 01:26:56    [wait] 23/30 still running, sleeping 300s
2026-07-27 01:31:56    [wait] 23/30 still running, sleeping 300s
2026-07-27 01:36:56    [wait] 23/30 still running, sleeping 300s
2026-07-27 01:41:56    [wait] 22/30 still running, sleeping 300s
2026-07-27 01:46:56    [wait] 20/30 still running, sleeping 300s
2026-07-27 01:51:56    [wait] 20/30 still running, sleeping 300s
2026-07-27 01:56:56    [wait] 20/30 still running, sleeping 300s
2026-07-27 02:01:56    [wait] 20/30 still running, sleeping 300s
2026-07-27 02:06:56    [wait] 20/30 still running, sleeping 300s
2026-07-27 02:11:56    [wait] 20/30 still running, sleeping 300s
2026-07-27 02:16:56    [wait] 20/30 still running, sleeping 300s
2026-07-27 02:21:56    [wait] 20/30 still running, sleeping 300s
2026-07-27 02:26:56    [wait] 20/30 still running, sleeping 300s
2026-07-27 02:31:56    [wait] 20/30 still running, sleeping 300s
2026-07-27 02:36:57    [wait] 20/30 still running, sleeping 300s
2026-07-27 02:41:57    [wait] 20/30 still running, sleeping 300s
2026-07-27 02:46:57    [wait] 20/30 still running, sleeping 300s
2026-07-27 02:51:57    [wait] 20/30 still running, sleeping 300s
2026-07-27 02:56:57    [wait] 20/30 still running, sleeping 300s
2026-07-27 03:01:57    [wait] 20/30 still running, sleeping 300s
2026-07-27 03:06:57    [wait] 20/30 still running, sleeping 300s
2026-07-27 03:11:57    [wait] 20/30 still running, sleeping 300s
2026-07-27 03:16:57    [wait] 20/30 still running, sleeping 300s
2026-07-27 03:21:57    [wait] 20/30 still running, sleeping 300s
2026-07-27 03:26:57    [wait] 20/30 still running, sleeping 300s
2026-07-27 03:31:57    [wait] 20/30 still running, sleeping 300s
2026-07-27 03:36:57    [wait] 20/30 still running, sleeping 300s
2026-07-27 03:41:57    [wait] 20/30 still running, sleeping 300s
2026-07-27 03:46:57    [wait] 19/30 still running, sleeping 300s
2026-07-27 03:51:57    [wait] 19/30 still running, sleeping 300s
2026-07-27 03:56:57    [wait] 19/30 still running, sleeping 300s
2026-07-27 04:01:57    [wait] 19/30 still running, sleeping 300s
2026-07-27 04:06:57    [wait] 19/30 still running, sleeping 300s
2026-07-27 04:11:57    [wait] 19/30 still running, sleeping 300s
2026-07-27 04:16:57    [wait] 19/30 still running, sleeping 300s
2026-07-27 04:21:57    [wait] 19/30 still running, sleeping 300s
2026-07-27 04:26:57    [wait] 19/30 still running, sleeping 300s
2026-07-27 04:31:57    [wait] 19/30 still running, sleeping 300s
2026-07-27 04:36:57    [wait] 19/30 still running, sleeping 300s
2026-07-27 04:41:57    [wait] 19/30 still running, sleeping 300s
2026-07-27 04:46:57    [wait] 19/30 still running, sleeping 300s
2026-07-27 04:51:58    [wait] 19/30 still running, sleeping 300s
2026-07-27 04:56:58    [wait] 19/30 still running, sleeping 300s
2026-07-27 05:01:58    [wait] 19/30 still running, sleeping 300s
2026-07-27 05:06:58    [wait] 17/30 still running, sleeping 300s
2026-07-27 05:11:58    [wait] 17/30 still running, sleeping 300s
2026-07-27 05:16:58    [wait] 17/30 still running, sleeping 300s
2026-07-27 05:21:58    [wait] 17/30 still running, sleeping 300s
2026-07-27 05:26:58    [wait] 17/30 still running, sleeping 300s
2026-07-27 05:31:58    [wait] 17/30 still running, sleeping 300s
2026-07-27 05:36:58    [wait] 17/30 still running, sleeping 300s
2026-07-27 05:41:58    [wait] 17/30 still running, sleeping 300s
2026-07-27 05:46:58    [wait] 17/30 still running, sleeping 300s
2026-07-27 05:51:58    [wait] 17/30 still running, sleeping 300s
2026-07-27 05:56:58    [wait] 17/30 still running, sleeping 300s
2026-07-27 06:01:58    [wait] 17/30 still running, sleeping 300s
2026-07-27 06:06:58    [wait] 17/30 still running, sleeping 300s
2026-07-27 06:11:58    [wait] 17/30 still running, sleeping 300s
2026-07-27 06:16:58    [wait] 17/30 still running, sleeping 300s
2026-07-27 06:21:58    [wait] 17/30 still running, sleeping 300s
2026-07-27 06:26:58    [wait] 17/30 still running, sleeping 300s
2026-07-27 06:31:58    [wait] 17/30 still running, sleeping 300s
2026-07-27 06:36:58    [wait] 17/30 still running, sleeping 300s
2026-07-27 06:41:58    [wait] 17/30 still running, sleeping 300s
2026-07-27 06:46:58    [wait] 17/30 still running, sleeping 300s
2026-07-27 06:51:58    [wait] 17/30 still running, sleeping 300s
2026-07-27 06:56:58    [wait] 17/30 still running, sleeping 300s
2026-07-27 07:01:58    [wait] 17/30 still running, sleeping 300s
2026-07-27 07:06:58    [wait] 17/30 still running, sleeping 300s
2026-07-27 07:11:58    [wait] 17/30 still running, sleeping 300s
2026-07-27 07:16:58    [wait] 17/30 still running, sleeping 300s
2026-07-27 07:21:58    [wait] 17/30 still running, sleeping 300s
2026-07-27 07:26:58    [wait] 17/30 still running, sleeping 300s
2026-07-27 07:31:58    [wait] 17/30 still running, sleeping 300s
2026-07-27 07:36:58    [wait] 17/30 still running, sleeping 300s
2026-07-27 07:41:58    [wait] 17/30 still running, sleeping 300s
2026-07-27 07:46:58    [wait] 17/30 still running, sleeping 300s
2026-07-27 07:51:58    [wait] 17/30 still running, sleeping 300s
2026-07-27 07:56:59    [wait] 17/30 still running, sleeping 300s
2026-07-27 08:01:59    [wait] 17/30 still running, sleeping 300s
2026-07-27 08:06:59    [wait] 17/30 still running, sleeping 300s
2026-07-27 08:11:59    [wait] 16/30 still running, sleeping 300s
2026-07-27 08:16:59    [wait] 16/30 still running, sleeping 300s
2026-07-27 08:21:59    [wait] 16/30 still running, sleeping 300s
2026-07-27 08:26:59    [wait] 16/30 still running, sleeping 300s
2026-07-27 08:31:59    [wait] 16/30 still running, sleeping 300s
2026-07-27 08:36:59    [wait] 15/30 still running, sleeping 300s
2026-07-27 08:41:59    [wait] 15/30 still running, sleeping 300s
2026-07-27 08:46:59    [wait] 15/30 still running, sleeping 300s
2026-07-27 08:51:59    [wait] 15/30 still running, sleeping 300s
2026-07-27 08:56:59    [wait] 15/30 still running, sleeping 300s
2026-07-27 09:01:59    [wait] 15/30 still running, sleeping 300s
2026-07-27 09:06:59    [wait] 15/30 still running, sleeping 300s
2026-07-27 09:11:59    [wait] 15/30 still running, sleeping 300s
2026-07-27 09:16:59    [wait] 15/30 still running, sleeping 300s
2026-07-27 09:21:59    [wait] 15/30 still running, sleeping 300s
2026-07-27 09:26:59    [wait] 14/30 still running, sleeping 300s
2026-07-27 09:31:59    [wait] 13/30 still running, sleeping 300s
2026-07-27 09:36:59    [wait] 13/30 still running, sleeping 300s
2026-07-27 09:41:59    [wait] 13/30 still running, sleeping 300s
2026-07-27 09:46:59    [wait] 13/30 still running, sleeping 300s
2026-07-27 09:51:59    [wait] 13/30 still running, sleeping 300s
2026-07-27 09:56:59    [wait] 13/30 still running, sleeping 300s
2026-07-27 10:01:59    [wait] 13/30 still running, sleeping 300s
2026-07-27 10:06:59    [wait] 13/30 still running, sleeping 300s
2026-07-27 10:11:59    [wait] 13/30 still running, sleeping 300s
2026-07-27 10:16:59    [wait] 13/30 still running, sleeping 300s
2026-07-27 10:22:00    [wait] 13/30 still running, sleeping 300s
2026-07-27 10:27:00    [wait] 13/30 still running, sleeping 300s
2026-07-27 10:32:00    [wait] 13/30 still running, sleeping 300s
2026-07-27 10:37:00    [wait] 13/30 still running, sleeping 300s
2026-07-27 10:42:00    [wait] 13/30 still running, sleeping 300s
2026-07-27 10:47:00    [wait] 13/30 still running, sleeping 300s
2026-07-27 10:52:00    [wait] 13/30 still running, sleeping 300s
2026-07-27 10:57:00    [wait] 13/30 still running, sleeping 300s
2026-07-27 11:02:00    [wait] 13/30 still running, sleeping 300s
2026-07-27 11:07:00    [wait] 13/30 still running, sleeping 300s
2026-07-27 11:12:00    [wait] 13/30 still running, sleeping 300s
2026-07-27 11:17:00    [wait] 13/30 still running, sleeping 300s
2026-07-27 11:22:00    [wait] 13/30 still running, sleeping 300s
2026-07-27 11:27:00    [wait] 13/30 still running, sleeping 300s
2026-07-27 11:32:00    [wait] 13/30 still running, sleeping 300s
2026-07-27 11:37:00    [wait] 13/30 still running, sleeping 300s
2026-07-27 11:42:00    [wait] 13/30 still running, sleeping 300s
2026-07-27 11:47:00    [wait] 13/30 still running, sleeping 300s
2026-07-27 11:52:00    [wait] 11/30 still running, sleeping 300s
2026-07-27 11:57:00    [wait] 8/30 still running, sleeping 300s
2026-07-27 12:02:00    [wait] 8/30 still running, sleeping 300s
2026-07-27 12:07:00    [wait] 5/30 still running, sleeping 300s
2026-07-27 12:12:00    [wait] 5/30 still running, sleeping 300s
2026-07-27 12:17:00    [wait] 5/30 still running, sleeping 300s
2026-07-27 12:22:00    [wait] 5/30 still running, sleeping 300s
2026-07-27 12:27:01    [wait] 5/30 still running, sleeping 300s
2026-07-27 12:32:01    [wait] 5/30 still running, sleeping 300s
2026-07-27 12:37:01    [wait] 4/30 still running, sleeping 300s
2026-07-27 12:42:01    [wait] 4/30 still running, sleeping 300s
2026-07-27 12:47:01    [wait] 4/30 still running, sleeping 300s
2026-07-27 12:52:01    [wait] 4/30 still running, sleeping 300s
2026-07-27 12:57:02    [wait] 4/30 still running, sleeping 300s
2026-07-27 13:02:02    [wait] 4/30 still running, sleeping 300s
2026-07-27 13:07:02    [wait] 3/30 still running, sleeping 300s
2026-07-27 13:12:02    [wait] 3/30 still running, sleeping 300s
2026-07-27 13:17:02    [wait] 3/30 still running, sleeping 300s
2026-07-27 13:22:02    [wait] 3/30 still running, sleeping 300s
2026-07-27 13:27:02    [wait] 3/30 still running, sleeping 300s
2026-07-27 13:32:02    [wait] 3/30 still running, sleeping 300s
2026-07-27 13:37:02    [wait] 3/30 still running, sleeping 300s
2026-07-27 13:42:02    [wait] 3/30 still running, sleeping 300s
2026-07-27 13:47:02    [wait] 3/30 still running, sleeping 300s
2026-07-27 13:52:02    [wait] 3/30 still running, sleeping 300s
2026-07-27 13:57:02    [wait] 2/30 still running, sleeping 300s
2026-07-27 14:02:02    [wait] 2/30 still running, sleeping 300s
2026-07-27 14:07:02    [wait] 1/30 still running, sleeping 300s
2026-07-27 14:12:02    [wait] 1/30 still running, sleeping 300s
2026-07-27 14:17:02    [wait] 1/30 still running, sleeping 300s
2026-07-27 14:22:02    [wait] 1/30 still running, sleeping 300s
2026-07-27 14:27:02    [wait] 1/30 still running, sleeping 300s
2026-07-27 14:32:02    [wait] 1/30 still running, sleeping 300s
2026-07-27 14:37:02    [wait] 1/30 still running, sleeping 300s
2026-07-27 14:42:02    [wait] 1/30 still running, sleeping 300s
2026-07-27 14:47:02    [wait] 1/30 still running, sleeping 300s
2026-07-27 14:52:02    [wait] 1/30 still running, sleeping 300s
2026-07-27 14:57:02    [wait] 1/30 still running, sleeping 300s
2026-07-27 15:02:02    [wait] 1/30 still running, sleeping 300s
2026-07-27 15:07:02    [wait] 1/30 still running, sleeping 300s
2026-07-27 15:12:02    [wait] 1/30 still running, sleeping 300s
2026-07-27 15:17:02    [wait] 1/30 still running, sleeping 300s
2026-07-27 15:22:02    [wait] 1/30 still running, sleeping 300s
2026-07-27 15:27:03    [wait] 1/30 still running, sleeping 300s
2026-07-27 15:32:03    [wait] 1/30 still running, sleeping 300s
2026-07-27 15:37:03    [wait] 1/30 still running, sleeping 300s
2026-07-27 15:42:03    [wait] 1/30 still running, sleeping 300s
2026-07-27 15:47:03    [wait] 1/30 still running, sleeping 300s
2026-07-27 15:52:03    [wait] 1/30 still running, sleeping 300s
2026-07-27 15:57:03    [wait] 1/30 still running, sleeping 300s
2026-07-27 16:02:03    [wait] 1/30 still running, sleeping 300s
2026-07-27 16:07:03    [wait] 1/30 still running, sleeping 300s
2026-07-27 16:12:03    [wait] 1/30 still running, sleeping 300s
2026-07-27 16:17:04    [wait] 1/30 still running, sleeping 300s
2026-07-27 16:22:04    [wait] 1/30 still running, sleeping 300s
2026-07-27 16:27:04    [wait] 1/30 still running, sleeping 300s
2026-07-27 16:32:04    [wait] 1/30 still running, sleeping 300s
2026-07-27 16:37:04    [wait] 1/30 still running, sleeping 300s
2026-07-27 16:42:04    [wait] 1/30 still running, sleeping 300s
2026-07-27 16:47:04    [wait] 1/30 still running, sleeping 300s
2026-07-27 16:52:04    [wait] 1/30 still running, sleeping 300s
2026-07-27 16:57:04    [wait] 1/30 still running, sleeping 300s
2026-07-27 17:02:04    [wait] 1/30 still running, sleeping 300s
2026-07-27 17:07:04    [wait] 1/30 still running, sleeping 300s
2026-07-27 17:12:04    [wait] 1/30 still running, sleeping 300s
2026-07-27 17:17:04    [wait] 1/30 still running, sleeping 300s
2026-07-27 17:22:04    [wait] 1/30 still running, sleeping 300s
2026-07-27 17:27:04    [wait] 1/30 still running, sleeping 300s
2026-07-27 17:32:04    [wait] 1/30 still running, sleeping 300s
2026-07-27 17:37:04    [wait] 1/30 still running, sleeping 300s
2026-07-27 17:42:05    [wait] 1/30 still running, sleeping 300s
2026-07-27 17:47:05    [wait] 1/30 still running, sleeping 300s
2026-07-27 17:52:06  trial 30: ov_dsc=0.2229 ut_dsc=0.5505 objective[weighted]=0.3539
2026-07-27 17:52:09  trial 31: ov_dsc=0.1095 ut_dsc=0.5413 objective[weighted]=0.2822
2026-07-27 17:52:09  trial 32: ov_dsc=0.2132 ut_dsc=0.5538 objective[weighted]=0.3494
2026-07-27 17:52:09  trial 33: ov_dsc=0.1464 ut_dsc=0.5498 objective[weighted]=0.3077
2026-07-27 17:52:09  trial 34: ov_dsc=0.1997 ut_dsc=0.5383 objective[weighted]=0.3352
2026-07-27 17:52:10  trial 35: ov_dsc=0.2661 ut_dsc=0.5166 objective[weighted]=0.3663
2026-07-27 17:52:10  trial 36: ov_dsc=0.1539 ut_dsc=0.5477 objective[weighted]=0.3114
2026-07-27 17:52:10  trial 37: ov_dsc=0.1839 ut_dsc=0.5329 objective[weighted]=0.3235
2026-07-27 17:52:10  trial 38: ov_dsc=0.2041 ut_dsc=0.5335 objective[weighted]=0.3358
2026-07-27 17:52:11  trial 39: ov_dsc=0.2223 ut_dsc=0.5483 objective[weighted]=0.3527
2026-07-27 17:52:11  progress: 24/40 complete
2026-07-27 17:52:11  === batch: 10 trials (of 16 remaining) ===
2026-07-27 17:52:12    suggest trial 40: {'ovary_target': 0.26369403364840166, 'iscs_alpha': 0.09950849034810237, 'iscs_lowpass_sigma': 1.6713731469974675, 'z_smooth_sigma': 0.9760054808758237, 'body_mask': 0, 'hist_match': 0, 'skip_enh': 1}
2026-07-27 17:52:13    suggest trial 41: {'ovary_target': 0.264243063908406, 'iscs_alpha': 0.1063365726753139, 'iscs_lowpass_sigma': 1.5841937765007825, 'z_smooth_sigma': 0.9852856108746442, 'body_mask': 0, 'hist_match': 0, 'skip_enh': 1}
2026-07-27 17:52:13    suggest trial 42: {'ovary_target': 0.26519550599595637, 'iscs_alpha': 0.09194457555821213, 'iscs_lowpass_sigma': 1.6805090475175908, 'z_smooth_sigma': 0.9489455891434775, 'body_mask': 0, 'hist_match': 0, 'skip_enh': 1}
2026-07-27 17:52:13    suggest trial 43: {'ovary_target': 0.26300147610513125, 'iscs_alpha': 0.10628244522231906, 'iscs_lowpass_sigma': 1.732279441062499, 'z_smooth_sigma': 1.4960742540275362, 'body_mask': 0, 'hist_match': 0, 'skip_enh': 1}
2026-07-27 17:52:13    suggest trial 44: {'ovary_target': 0.2632599697657618, 'iscs_alpha': 0.11315151444651189, 'iscs_lowpass_sigma': 1.4981652997840897, 'z_smooth_sigma': 0.9762226015743068, 'body_mask': 0, 'hist_match': 0, 'skip_enh': 1}
2026-07-27 17:52:13    suggest trial 45: {'ovary_target': 0.2620745817908407, 'iscs_alpha': 0.1056710410597404, 'iscs_lowpass_sigma': 1.6520580069776192, 'z_smooth_sigma': 0.9881846616026566, 'body_mask': 0, 'hist_match': 0, 'skip_enh': 1}
2026-07-27 17:52:13    suggest trial 46: {'ovary_target': 0.2693322204135162, 'iscs_alpha': 0.09766279222536639, 'iscs_lowpass_sigma': 1.5061662019995299, 'z_smooth_sigma': 1.4962047427214602, 'body_mask': 0, 'hist_match': 0, 'skip_enh': 1}
2026-07-27 17:52:14    suggest trial 47: {'ovary_target': 0.26224916220545036, 'iscs_alpha': 0.10100164024946018, 'iscs_lowpass_sigma': 1.6567847257715234, 'z_smooth_sigma': 1.4944137381140692, 'body_mask': 0, 'hist_match': 0, 'skip_enh': 1}
2026-07-27 17:52:14    suggest trial 48: {'ovary_target': 0.2632382395182032, 'iscs_alpha': 0.10202995659711041, 'iscs_lowpass_sigma': 1.566444116169409, 'z_smooth_sigma': 0.9941132549124696, 'body_mask': 0, 'hist_match': 0, 'skip_enh': 1}
2026-07-27 17:52:15    suggest trial 49: {'ovary_target': 0.2617642269684469, 'iscs_alpha': 0.09215393431223994, 'iscs_lowpass_sigma': 1.6476012575946886, 'z_smooth_sigma': 0.8018615487830257, 'body_mask': 0, 'hist_match': 0, 'skip_enh': 1}
2026-07-27 17:52:16  submitted 30 jobs; polling sacct every 300s
2026-07-27 17:52:16    [wait] 30/30 still running, sleeping 300s
2026-07-27 17:57:16    [wait] 30/30 still running, sleeping 300s
2026-07-27 18:02:16    [wait] 30/30 still running, sleeping 300s
2026-07-27 18:07:16    [wait] 30/30 still running, sleeping 300s
2026-07-27 18:12:16    [wait] 30/30 still running, sleeping 300s
2026-07-27 18:17:16    [wait] 30/30 still running, sleeping 300s
2026-07-27 18:22:16    [wait] 30/30 still running, sleeping 300s
2026-07-27 18:27:16    [wait] 30/30 still running, sleeping 300s
2026-07-27 18:32:16    [wait] 30/30 still running, sleeping 300s
2026-07-27 18:37:16    [wait] 30/30 still running, sleeping 300s
2026-07-27 18:42:16    [wait] 30/30 still running, sleeping 300s
2026-07-27 18:47:16    [wait] 30/30 still running, sleeping 300s
2026-07-27 18:52:16    [wait] 30/30 still running, sleeping 300s
2026-07-27 18:57:16    [wait] 30/30 still running, sleeping 300s
2026-07-27 19:02:16    [wait] 30/30 still running, sleeping 300s
2026-07-27 19:07:16    [wait] 30/30 still running, sleeping 300s
2026-07-27 19:12:16    [wait] 30/30 still running, sleeping 300s
2026-07-27 19:17:16    [wait] 30/30 still running, sleeping 300s
2026-07-27 19:22:16    [wait] 30/30 still running, sleeping 300s
2026-07-27 19:27:16    [wait] 30/30 still running, sleeping 300s
2026-07-27 19:32:16    [wait] 30/30 still running, sleeping 300s
2026-07-27 19:37:16    [wait] 30/30 still running, sleeping 300s
2026-07-27 19:42:16    [wait] 30/30 still running, sleeping 300s
2026-07-27 19:47:16    [wait] 30/30 still running, sleeping 300s
2026-07-27 19:52:16    [wait] 30/30 still running, sleeping 300s
2026-07-27 19:57:16    [wait] 30/30 still running, sleeping 300s
2026-07-27 20:02:16    [wait] 30/30 still running, sleeping 300s
2026-07-27 20:07:17    [wait] 30/30 still running, sleeping 300s
2026-07-27 20:12:17    [wait] 30/30 still running, sleeping 300s
2026-07-27 20:17:17    [wait] 30/30 still running, sleeping 300s
2026-07-27 20:22:17    [wait] 30/30 still running, sleeping 300s
2026-07-27 20:27:17    [wait] 30/30 still running, sleeping 300s
2026-07-27 20:32:17    [wait] 30/30 still running, sleeping 300s
2026-07-27 20:37:17    [wait] 30/30 still running, sleeping 300s
2026-07-27 20:42:17    [wait] 30/30 still running, sleeping 300s
2026-07-27 20:47:17    [wait] 30/30 still running, sleeping 300s
2026-07-27 20:52:17    [wait] 30/30 still running, sleeping 300s
2026-07-27 20:57:17    [wait] 30/30 still running, sleeping 300s
2026-07-27 21:02:17    [wait] 30/30 still running, sleeping 300s
2026-07-27 21:07:17    [wait] 30/30 still running, sleeping 300s
2026-07-27 21:12:17    [wait] 30/30 still running, sleeping 300s
2026-07-27 21:17:17    [wait] 30/30 still running, sleeping 300s
2026-07-27 21:22:17    [wait] 30/30 still running, sleeping 300s
2026-07-27 21:27:17    [wait] 30/30 still running, sleeping 300s
2026-07-27 21:32:17    [wait] 30/30 still running, sleeping 300s
2026-07-27 21:37:17    [wait] 30/30 still running, sleeping 300s
2026-07-27 21:42:17    [wait] 30/30 still running, sleeping 300s
2026-07-27 21:47:17    [wait] 30/30 still running, sleeping 300s
2026-07-27 21:52:17    [wait] 30/30 still running, sleeping 300s
2026-07-27 21:57:17    [wait] 30/30 still running, sleeping 300s
2026-07-27 22:02:17    [wait] 30/30 still running, sleeping 300s
2026-07-27 22:07:17    [wait] 30/30 still running, sleeping 300s
2026-07-27 22:12:17    [wait] 30/30 still running, sleeping 300s
2026-07-27 22:17:17    [wait] 30/30 still running, sleeping 300s
2026-07-27 22:22:18    [wait] 30/30 still running, sleeping 300s
2026-07-27 22:27:18    [wait] 30/30 still running, sleeping 300s
2026-07-27 22:32:18    [wait] 30/30 still running, sleeping 300s
2026-07-27 22:37:18    [wait] 30/30 still running, sleeping 300s
2026-07-27 22:42:18    [wait] 30/30 still running, sleeping 300s
2026-07-27 22:47:18    [wait] 30/30 still running, sleeping 300s
2026-07-27 22:52:18    [wait] 30/30 still running, sleeping 300s
2026-07-27 22:57:18    [wait] 30/30 still running, sleeping 300s
2026-07-27 23:02:18    [wait] 30/30 still running, sleeping 300s
2026-07-27 23:07:18    [wait] 30/30 still running, sleeping 300s
2026-07-27 23:12:18    [wait] 30/30 still running, sleeping 300s
2026-07-27 23:17:18    [wait] 30/30 still running, sleeping 300s
2026-07-27 23:22:18    [wait] 30/30 still running, sleeping 300s
2026-07-27 23:27:18    [wait] 30/30 still running, sleeping 300s
2026-07-27 23:32:18    [wait] 30/30 still running, sleeping 300s
2026-07-27 23:37:18    [wait] 30/30 still running, sleeping 300s
2026-07-27 23:42:18    [wait] 30/30 still running, sleeping 300s
2026-07-27 23:47:18    [wait] 30/30 still running, sleeping 300s
2026-07-27 23:52:18    [wait] 30/30 still running, sleeping 300s
2026-07-27 23:57:18    [wait] 30/30 still running, sleeping 300s
2026-07-28 00:02:18    [wait] 30/30 still running, sleeping 300s
2026-07-28 00:07:18    [wait] 30/30 still running, sleeping 300s
2026-07-28 00:12:19    [wait] 30/30 still running, sleeping 300s
2026-07-28 00:17:19    [wait] 30/30 still running, sleeping 300s
2026-07-28 00:22:19    [wait] 30/30 still running, sleeping 300s
2026-07-28 00:27:19    [wait] 30/30 still running, sleeping 300s
2026-07-28 00:32:19    [wait] 30/30 still running, sleeping 300s
2026-07-28 00:37:19    [wait] 30/30 still running, sleeping 300s
2026-07-28 00:42:19    [wait] 30/30 still running, sleeping 300s
2026-07-28 00:47:19    [wait] 30/30 still running, sleeping 300s
2026-07-28 00:52:19    [wait] 30/30 still running, sleeping 300s
2026-07-28 00:57:19    [wait] 30/30 still running, sleeping 300s
2026-07-28 01:02:19    [wait] 30/30 still running, sleeping 300s
2026-07-28 01:07:19    [wait] 30/30 still running, sleeping 300s
2026-07-28 01:12:19    [wait] 30/30 still running, sleeping 300s
2026-07-28 01:17:19    [wait] 30/30 still running, sleeping 300s
2026-07-28 01:22:19    [wait] 30/30 still running, sleeping 300s
2026-07-28 01:27:19    [wait] 30/30 still running, sleeping 300s
2026-07-28 01:32:19    [wait] 30/30 still running, sleeping 300s
2026-07-28 01:37:19    [wait] 30/30 still running, sleeping 300s
2026-07-28 01:42:19    [wait] 30/30 still running, sleeping 300s
2026-07-28 01:47:19    [wait] 30/30 still running, sleeping 300s
2026-07-28 01:52:19    [wait] 30/30 still running, sleeping 300s
2026-07-28 01:57:19    [wait] 30/30 still running, sleeping 300s
2026-07-28 02:02:19    [wait] 30/30 still running, sleeping 300s
2026-07-28 02:07:19    [wait] 30/30 still running, sleeping 300s
2026-07-28 02:12:19    [wait] 30/30 still running, sleeping 300s
2026-07-28 02:17:19    [wait] 30/30 still running, sleeping 300s
2026-07-28 02:22:19    [wait] 30/30 still running, sleeping 300s
2026-07-28 02:27:19    [wait] 30/30 still running, sleeping 300s
2026-07-28 02:32:19    [wait] 30/30 still running, sleeping 300s
2026-07-28 02:37:19    [wait] 30/30 still running, sleeping 300s
2026-07-28 02:42:19    [wait] 30/30 still running, sleeping 300s
2026-07-28 02:47:20    [wait] 30/30 still running, sleeping 300s
2026-07-28 02:52:20    [wait] 30/30 still running, sleeping 300s
2026-07-28 02:57:20    [wait] 30/30 still running, sleeping 300s
2026-07-28 03:02:20    [wait] 30/30 still running, sleeping 300s
2026-07-28 03:07:20    [wait] 30/30 still running, sleeping 300s
2026-07-28 03:12:20    [wait] 30/30 still running, sleeping 300s
2026-07-28 03:17:20    [wait] 30/30 still running, sleeping 300s
2026-07-28 03:22:20    [wait] 30/30 still running, sleeping 300s
2026-07-28 03:27:20    [wait] 30/30 still running, sleeping 300s
2026-07-28 03:32:20    [wait] 30/30 still running, sleeping 300s
2026-07-28 03:37:20    [wait] 30/30 still running, sleeping 300s
2026-07-28 03:42:20    [wait] 30/30 still running, sleeping 300s
2026-07-28 03:47:20    [wait] 30/30 still running, sleeping 300s
2026-07-28 03:52:20    [wait] 30/30 still running, sleeping 300s
2026-07-28 03:57:20    [wait] 30/30 still running, sleeping 300s
2026-07-28 04:02:20    [wait] 30/30 still running, sleeping 300s
2026-07-28 04:07:20    [wait] 30/30 still running, sleeping 300s
2026-07-28 04:12:20    [wait] 30/30 still running, sleeping 300s
2026-07-28 04:17:20    [wait] 30/30 still running, sleeping 300s
2026-07-28 04:22:21    [wait] 30/30 still running, sleeping 300s
2026-07-28 04:27:21    [wait] 30/30 still running, sleeping 300s
2026-07-28 04:32:21    [wait] 30/30 still running, sleeping 300s
2026-07-28 04:37:21    [wait] 30/30 still running, sleeping 300s
2026-07-28 04:42:21    [wait] 30/30 still running, sleeping 300s
2026-07-28 04:47:21    [wait] 30/30 still running, sleeping 300s
2026-07-28 04:52:21    [wait] 30/30 still running, sleeping 300s
2026-07-28 04:57:21    [wait] 30/30 still running, sleeping 300s
2026-07-28 05:02:21    [wait] 30/30 still running, sleeping 300s
2026-07-28 05:07:21    [wait] 30/30 still running, sleeping 300s
2026-07-28 05:12:21    [wait] 30/30 still running, sleeping 300s
2026-07-28 05:17:21    [wait] 30/30 still running, sleeping 300s
2026-07-28 05:22:21    [wait] 30/30 still running, sleeping 300s
2026-07-28 05:27:21    [wait] 30/30 still running, sleeping 300s
2026-07-28 05:32:21    [wait] 30/30 still running, sleeping 300s
2026-07-28 05:37:21    [wait] 30/30 still running, sleeping 300s
2026-07-28 05:42:21    [wait] 30/30 still running, sleeping 300s
2026-07-28 05:47:21    [wait] 30/30 still running, sleeping 300s
2026-07-28 05:52:21    [wait] 30/30 still running, sleeping 300s
2026-07-28 05:57:21    [wait] 30/30 still running, sleeping 300s
2026-07-28 06:02:21    [wait] 30/30 still running, sleeping 300s
2026-07-28 06:07:21    [wait] 30/30 still running, sleeping 300s
2026-07-28 06:12:21    [wait] 30/30 still running, sleeping 300s
2026-07-28 06:17:21    [wait] 30/30 still running, sleeping 300s
2026-07-28 06:22:21    [wait] 30/30 still running, sleeping 300s
2026-07-28 06:27:21    [wait] 30/30 still running, sleeping 300s
2026-07-28 06:32:21    [wait] 30/30 still running, sleeping 300s
2026-07-28 06:37:21    [wait] 30/30 still running, sleeping 300s
2026-07-28 06:42:21    [wait] 30/30 still running, sleeping 300s
2026-07-28 06:47:22    [wait] 30/30 still running, sleeping 300s
2026-07-28 06:52:22    [wait] 30/30 still running, sleeping 300s
2026-07-28 06:57:22    [wait] 30/30 still running, sleeping 300s
2026-07-28 07:02:22    [wait] 30/30 still running, sleeping 300s
2026-07-28 07:07:22    [wait] 30/30 still running, sleeping 300s
2026-07-28 07:12:22    [wait] 30/30 still running, sleeping 300s
2026-07-28 07:17:22    [wait] 30/30 still running, sleeping 300s
2026-07-28 07:22:22    [wait] 30/30 still running, sleeping 300s
2026-07-28 07:27:22    [wait] 30/30 still running, sleeping 300s
2026-07-28 07:32:22    [wait] 30/30 still running, sleeping 300s
2026-07-28 07:37:22    [wait] 30/30 still running, sleeping 300s
2026-07-28 07:42:22    [wait] 30/30 still running, sleeping 300s
2026-07-28 07:47:22    [wait] 30/30 still running, sleeping 300s
2026-07-28 07:52:22    [wait] 30/30 still running, sleeping 300s
2026-07-28 07:57:22    [wait] 30/30 still running, sleeping 300s
2026-07-28 08:02:22    [wait] 30/30 still running, sleeping 300s
2026-07-28 08:07:22    [wait] 30/30 still running, sleeping 300s
2026-07-28 08:12:22    [wait] 30/30 still running, sleeping 300s
2026-07-28 08:17:22    [wait] 30/30 still running, sleeping 300s
2026-07-28 08:22:22    [wait] 30/30 still running, sleeping 300s
2026-07-28 08:27:22    [wait] 30/30 still running, sleeping 300s
2026-07-28 08:32:22    [wait] 30/30 still running, sleeping 300s
2026-07-28 08:37:22    [wait] 30/30 still running, sleeping 300s
2026-07-28 08:42:22    [wait] 30/30 still running, sleeping 300s
2026-07-28 08:47:22    [wait] 30/30 still running, sleeping 300s
2026-07-28 08:52:22    [wait] 30/30 still running, sleeping 300s
2026-07-28 08:57:23    [wait] 30/30 still running, sleeping 300s
2026-07-28 09:02:23    [wait] 30/30 still running, sleeping 300s
2026-07-28 09:07:23    [wait] 30/30 still running, sleeping 300s
2026-07-28 09:12:23    [wait] 30/30 still running, sleeping 300s
2026-07-28 09:17:23    [wait] 30/30 still running, sleeping 300s
2026-07-28 09:22:24    [wait] 30/30 still running, sleeping 300s
2026-07-28 09:27:24    [wait] 30/30 still running, sleeping 300s
2026-07-28 09:32:24    [wait] 30/30 still running, sleeping 300s
2026-07-28 09:37:24    [wait] 30/30 still running, sleeping 300s
2026-07-28 09:42:24    [wait] 30/30 still running, sleeping 300s
2026-07-28 09:47:25    [wait] 30/30 still running, sleeping 300s
2026-07-28 09:52:25    [wait] 30/30 still running, sleeping 300s
2026-07-28 09:57:25    [wait] 30/30 still running, sleeping 300s
2026-07-28 10:02:25    [wait] 30/30 still running, sleeping 300s
2026-07-28 10:07:25    [wait] 30/30 still running, sleeping 300s
2026-07-28 10:12:25    [wait] 30/30 still running, sleeping 300s
2026-07-28 10:17:25    [wait] 30/30 still running, sleeping 300s
2026-07-28 10:22:25    [wait] 30/30 still running, sleeping 300s
2026-07-28 10:27:25    [wait] 30/30 still running, sleeping 300s
2026-07-28 10:32:25    [wait] 30/30 still running, sleeping 300s
2026-07-28 10:37:25    [wait] 30/30 still running, sleeping 300s
2026-07-28 10:42:25    [wait] 30/30 still running, sleeping 300s
2026-07-28 10:47:25    [wait] 30/30 still running, sleeping 300s
2026-07-28 10:52:26    [wait] 30/30 still running, sleeping 300s
2026-07-28 10:57:26    [wait] 30/30 still running, sleeping 300s
2026-07-28 11:02:26    [wait] 30/30 still running, sleeping 300s
2026-07-28 11:07:26    [wait] 30/30 still running, sleeping 300s
2026-07-28 11:12:26    [wait] 30/30 still running, sleeping 300s
2026-07-28 11:17:26    [wait] 30/30 still running, sleeping 300s
2026-07-28 11:22:26    [wait] 30/30 still running, sleeping 300s
2026-07-28 11:27:26    [wait] 30/30 still running, sleeping 300s
2026-07-28 11:32:26    [wait] 30/30 still running, sleeping 300s
2026-07-28 11:37:26    [wait] 30/30 still running, sleeping 300s
2026-07-28 11:42:26    [wait] 30/30 still running, sleeping 300s
2026-07-28 11:47:27    [wait] 30/30 still running, sleeping 300s
2026-07-28 11:52:27    [wait] 30/30 still running, sleeping 300s
2026-07-28 11:57:27    [wait] 30/30 still running, sleeping 300s
2026-07-28 12:02:27    [wait] 30/30 still running, sleeping 300s
2026-07-28 12:07:27    [wait] 30/30 still running, sleeping 300s
2026-07-28 12:12:27    [wait] 30/30 still running, sleeping 300s
2026-07-28 12:17:27    [wait] 30/30 still running, sleeping 300s
2026-07-28 12:22:27    [wait] 30/30 still running, sleeping 300s
2026-07-28 12:27:27    [wait] 30/30 still running, sleeping 300s
2026-07-28 12:32:27    [wait] 30/30 still running, sleeping 300s
2026-07-28 12:37:27    [wait] 30/30 still running, sleeping 300s
2026-07-28 12:42:27    [wait] 30/30 still running, sleeping 300s
2026-07-28 12:47:27    [wait] 30/30 still running, sleeping 300s
2026-07-28 12:52:27    [wait] 30/30 still running, sleeping 300s
2026-07-28 12:57:27    [wait] 30/30 still running, sleeping 300s
2026-07-28 13:02:27    [wait] 30/30 still running, sleeping 300s
2026-07-28 13:07:27    [wait] 29/30 still running, sleeping 300s
2026-07-28 13:12:27    [wait] 26/30 still running, sleeping 300s
2026-07-28 13:17:27    [wait] 22/30 still running, sleeping 300s
2026-07-28 13:22:27    [wait] 18/30 still running, sleeping 300s
2026-07-28 13:27:27    [wait] 18/30 still running, sleeping 300s
2026-07-28 13:32:27    [wait] 18/30 still running, sleeping 300s
2026-07-28 13:37:27    [wait] 18/30 still running, sleeping 300s
2026-07-28 13:42:27    [wait] 18/30 still running, sleeping 300s
2026-07-28 13:47:27    [wait] 18/30 still running, sleeping 300s
2026-07-28 13:52:28    [wait] 18/30 still running, sleeping 300s
2026-07-28 13:57:28    [wait] 18/30 still running, sleeping 300s
2026-07-28 14:02:28    [wait] 18/30 still running, sleeping 300s
2026-07-28 14:07:28    [wait] 18/30 still running, sleeping 300s
2026-07-28 14:12:28    [wait] 18/30 still running, sleeping 300s
2026-07-28 14:17:29    [wait] 18/30 still running, sleeping 300s
2026-07-28 14:22:29    [wait] 18/30 still running, sleeping 300s
2026-07-28 14:27:29    [wait] 18/30 still running, sleeping 300s
2026-07-28 14:32:29    [wait] 18/30 still running, sleeping 300s
2026-07-28 14:37:29    [wait] 18/30 still running, sleeping 300s
2026-07-28 14:42:29    [wait] 18/30 still running, sleeping 300s
2026-07-28 14:47:29    [wait] 18/30 still running, sleeping 300s
2026-07-28 14:52:29    [wait] 18/30 still running, sleeping 300s
2026-07-28 14:57:29    [wait] 18/30 still running, sleeping 300s
2026-07-28 15:02:30    [wait] 18/30 still running, sleeping 300s
2026-07-28 15:07:30    [wait] 18/30 still running, sleeping 300s
2026-07-28 15:12:30    [wait] 18/30 still running, sleeping 300s
2026-07-28 15:17:30    [wait] 18/30 still running, sleeping 300s
2026-07-28 15:22:30    [wait] 18/30 still running, sleeping 300s
2026-07-28 15:27:30    [wait] 18/30 still running, sleeping 300s
2026-07-28 15:32:30    [wait] 18/30 still running, sleeping 300s
2026-07-28 15:37:30    [wait] 18/30 still running, sleeping 300s
2026-07-28 15:42:30    [wait] 18/30 still running, sleeping 300s
2026-07-28 15:47:31    [wait] 18/30 still running, sleeping 300s
2026-07-28 15:52:31    [wait] 18/30 still running, sleeping 300s
2026-07-28 15:57:31    [wait] 18/30 still running, sleeping 300s
2026-07-28 16:02:31    [wait] 18/30 still running, sleeping 300s
2026-07-28 16:07:31    [wait] 18/30 still running, sleeping 300s
2026-07-28 16:12:31    [wait] 18/30 still running, sleeping 300s
2026-07-28 16:17:31    [wait] 18/30 still running, sleeping 300s
2026-07-28 16:22:31    [wait] 18/30 still running, sleeping 300s
2026-07-28 16:27:31    [wait] 18/30 still running, sleeping 300s
2026-07-28 16:32:31    [wait] 18/30 still running, sleeping 300s
2026-07-28 16:37:31    [wait] 18/30 still running, sleeping 300s
2026-07-28 16:42:31    [wait] 18/30 still running, sleeping 300s
2026-07-28 16:47:31    [wait] 18/30 still running, sleeping 300s
2026-07-28 16:52:31    [wait] 18/30 still running, sleeping 300s
2026-07-28 16:57:32    [wait] 18/30 still running, sleeping 300s
2026-07-28 17:02:32    [wait] 18/30 still running, sleeping 300s
2026-07-28 17:07:32    [wait] 18/30 still running, sleeping 300s
2026-07-28 17:12:32    [wait] 18/30 still running, sleeping 300s
2026-07-28 17:17:32    [wait] 18/30 still running, sleeping 300s
2026-07-28 17:22:32    [wait] 18/30 still running, sleeping 300s
2026-07-28 17:27:32    [wait] 18/30 still running, sleeping 300s
2026-07-28 17:32:32    [wait] 18/30 still running, sleeping 300s
2026-07-28 17:37:32    [wait] 18/30 still running, sleeping 300s
2026-07-28 17:42:32    [wait] 18/30 still running, sleeping 300s
2026-07-28 17:47:32    [wait] 18/30 still running, sleeping 300s
2026-07-28 17:52:32    [wait] 18/30 still running, sleeping 300s
2026-07-28 17:57:32    [wait] 18/30 still running, sleeping 300s
2026-07-28 18:02:32    [wait] 18/30 still running, sleeping 300s
2026-07-28 18:07:32    [wait] 18/30 still running, sleeping 300s
2026-07-28 18:12:32    [wait] 18/30 still running, sleeping 300s
2026-07-28 18:17:33    [wait] 18/30 still running, sleeping 300s
2026-07-28 18:22:33    [wait] 18/30 still running, sleeping 300s
2026-07-28 18:27:33    [wait] 18/30 still running, sleeping 300s
2026-07-28 18:32:33    [wait] 18/30 still running, sleeping 300s
2026-07-28 18:37:33    [wait] 18/30 still running, sleeping 300s
2026-07-28 18:42:33    [wait] 18/30 still running, sleeping 300s
2026-07-28 18:47:33    [wait] 18/30 still running, sleeping 300s
2026-07-28 18:52:33    [wait] 18/30 still running, sleeping 300s
2026-07-28 18:57:33    [wait] 18/30 still running, sleeping 300s
2026-07-28 19:02:33    [wait] 18/30 still running, sleeping 300s
2026-07-28 19:07:33    [wait] 18/30 still running, sleeping 300s
2026-07-28 19:12:33    [wait] 18/30 still running, sleeping 300s
2026-07-28 19:17:33    [wait] 18/30 still running, sleeping 300s
2026-07-28 19:22:34    [wait] 18/30 still running, sleeping 300s
2026-07-28 19:27:34    [wait] 18/30 still running, sleeping 300s
2026-07-28 19:32:34    [wait] 18/30 still running, sleeping 300s
2026-07-28 19:37:34    [wait] 18/30 still running, sleeping 300s
2026-07-28 19:42:34    [wait] 18/30 still running, sleeping 300s
2026-07-28 19:47:34    [wait] 18/30 still running, sleeping 300s
2026-07-28 19:52:34    [wait] 18/30 still running, sleeping 300s
2026-07-28 19:57:34    [wait] 18/30 still running, sleeping 300s
2026-07-28 20:02:34    [wait] 18/30 still running, sleeping 300s
2026-07-28 20:07:34    [wait] 18/30 still running, sleeping 300s
2026-07-28 20:12:34    [wait] 18/30 still running, sleeping 300s
2026-07-28 20:17:34    [wait] 18/30 still running, sleeping 300s
2026-07-28 20:22:34    [wait] 18/30 still running, sleeping 300s
2026-07-28 20:27:34    [wait] 18/30 still running, sleeping 300s
2026-07-28 20:32:34    [wait] 18/30 still running, sleeping 300s
2026-07-28 20:37:34    [wait] 18/30 still running, sleeping 300s
2026-07-28 20:42:34    [wait] 18/30 still running, sleeping 300s
2026-07-28 20:47:34    [wait] 18/30 still running, sleeping 300s
2026-07-28 20:52:34    [wait] 18/30 still running, sleeping 300s
2026-07-28 20:57:35    [wait] 18/30 still running, sleeping 300s
2026-07-28 21:02:35    [wait] 18/30 still running, sleeping 300s
2026-07-28 21:07:35    [wait] 18/30 still running, sleeping 300s
2026-07-28 21:12:35    [wait] 18/30 still running, sleeping 300s
2026-07-28 21:17:35    [wait] 18/30 still running, sleeping 300s
2026-07-28 21:22:35    [wait] 18/30 still running, sleeping 300s
2026-07-28 21:27:35    [wait] 18/30 still running, sleeping 300s
2026-07-28 21:32:35    [wait] 18/30 still running, sleeping 300s
2026-07-28 21:37:35    [wait] 18/30 still running, sleeping 300s
2026-07-28 21:42:35    [wait] 18/30 still running, sleeping 300s
2026-07-28 21:47:35    [wait] 18/30 still running, sleeping 300s
2026-07-28 21:52:35    [wait] 18/30 still running, sleeping 300s
2026-07-28 21:57:35    [wait] 18/30 still running, sleeping 300s
2026-07-28 22:02:35    [wait] 18/30 still running, sleeping 300s
2026-07-28 22:07:35    [wait] 18/30 still running, sleeping 300s
2026-07-28 22:12:35    [wait] 18/30 still running, sleeping 300s
2026-07-28 22:17:35    [wait] 18/30 still running, sleeping 300s
2026-07-28 22:22:35    [wait] 18/30 still running, sleeping 300s
2026-07-28 22:27:35    [wait] 18/30 still running, sleeping 300s
2026-07-28 22:32:35    [wait] 18/30 still running, sleeping 300s
2026-07-28 22:37:35    [wait] 18/30 still running, sleeping 300s
2026-07-28 22:42:35    [wait] 18/30 still running, sleeping 300s
2026-07-28 22:47:35    [wait] 18/30 still running, sleeping 300s
2026-07-28 22:52:35    [wait] 18/30 still running, sleeping 300s
2026-07-28 22:57:35    [wait] 18/30 still running, sleeping 300s
2026-07-28 23:02:36    [wait] 18/30 still running, sleeping 300s
2026-07-28 23:07:36    [wait] 18/30 still running, sleeping 300s
2026-07-28 23:12:36    [wait] 18/30 still running, sleeping 300s
2026-07-28 23:17:36    [wait] 18/30 still running, sleeping 300s
2026-07-28 23:22:36    [wait] 18/30 still running, sleeping 300s
2026-07-28 23:27:36    [wait] 18/30 still running, sleeping 300s
2026-07-28 23:32:36    [wait] 18/30 still running, sleeping 300s
2026-07-28 23:37:36    [wait] 18/30 still running, sleeping 300s
2026-07-28 23:42:36    [wait] 18/30 still running, sleeping 300s
2026-07-28 23:47:36    [wait] 18/30 still running, sleeping 300s
2026-07-28 23:52:36    [wait] 18/30 still running, sleeping 300s
2026-07-28 23:57:36    [wait] 18/30 still running, sleeping 300s
2026-07-29 00:02:36    [wait] 18/30 still running, sleeping 300s
2026-07-29 00:07:36    [wait] 18/30 still running, sleeping 300s
2026-07-29 00:12:36    [wait] 18/30 still running, sleeping 300s
2026-07-29 00:17:36    [wait] 18/30 still running, sleeping 300s
2026-07-29 00:22:36    [wait] 18/30 still running, sleeping 300s
2026-07-29 00:27:36    [wait] 18/30 still running, sleeping 300s
2026-07-29 00:32:36    [wait] 18/30 still running, sleeping 300s
2026-07-29 00:37:37    [wait] 18/30 still running, sleeping 300s
2026-07-29 00:42:37    [wait] 18/30 still running, sleeping 300s
2026-07-29 00:47:37    [wait] 18/30 still running, sleeping 300s
2026-07-29 00:52:37    [wait] 18/30 still running, sleeping 300s
2026-07-29 00:57:37    [wait] 18/30 still running, sleeping 300s
2026-07-29 01:02:37    [wait] 18/30 still running, sleeping 300s
2026-07-29 01:07:37    [wait] 18/30 still running, sleeping 300s
2026-07-29 01:12:37    [wait] 18/30 still running, sleeping 300s
2026-07-29 01:17:37    [wait] 18/30 still running, sleeping 300s
2026-07-29 01:22:37    [wait] 18/30 still running, sleeping 300s
2026-07-29 01:27:37    [wait] 18/30 still running, sleeping 300s
2026-07-29 01:32:37    [wait] 18/30 still running, sleeping 300s
2026-07-29 01:37:37    [wait] 18/30 still running, sleeping 300s
2026-07-29 01:42:37    [wait] 18/30 still running, sleeping 300s
2026-07-29 01:47:37    [wait] 18/30 still running, sleeping 300s
2026-07-29 01:52:37    [wait] 18/30 still running, sleeping 300s
2026-07-29 01:57:37    [wait] 18/30 still running, sleeping 300s
2026-07-29 02:02:37    [wait] 18/30 still running, sleeping 300s
2026-07-29 02:07:37    [wait] 18/30 still running, sleeping 300s
2026-07-29 02:12:37    [wait] 18/30 still running, sleeping 300s
2026-07-29 02:17:37    [wait] 18/30 still running, sleeping 300s
2026-07-29 02:22:37    [wait] 18/30 still running, sleeping 300s
2026-07-29 02:27:37    [wait] 18/30 still running, sleeping 300s
2026-07-29 02:32:38    [wait] 18/30 still running, sleeping 300s
2026-07-29 02:37:38    [wait] 18/30 still running, sleeping 300s
2026-07-29 02:42:38    [wait] 18/30 still running, sleeping 300s
2026-07-29 02:47:38    [wait] 18/30 still running, sleeping 300s
2026-07-29 02:52:38    [wait] 18/30 still running, sleeping 300s
2026-07-29 02:57:38    [wait] 18/30 still running, sleeping 300s
2026-07-29 03:02:38    [wait] 18/30 still running, sleeping 300s
2026-07-29 03:07:38    [wait] 18/30 still running, sleeping 300s
2026-07-29 03:12:38    [wait] 18/30 still running, sleeping 300s
2026-07-29 03:17:38    [wait] 18/30 still running, sleeping 300s
2026-07-29 03:22:38    [wait] 18/30 still running, sleeping 300s
2026-07-29 03:27:38    [wait] 18/30 still running, sleeping 300s
2026-07-29 03:32:38    [wait] 18/30 still running, sleeping 300s
2026-07-29 03:37:38    [wait] 18/30 still running, sleeping 300s
2026-07-29 03:42:38    [wait] 18/30 still running, sleeping 300s
2026-07-29 03:47:38    [wait] 18/30 still running, sleeping 300s
2026-07-29 03:52:38    [wait] 18/30 still running, sleeping 300s
2026-07-29 03:57:38    [wait] 18/30 still running, sleeping 300s
2026-07-29 04:02:39    [wait] 18/30 still running, sleeping 300s
2026-07-29 04:07:39    [wait] 18/30 still running, sleeping 300s
2026-07-29 04:12:39    [wait] 18/30 still running, sleeping 300s
2026-07-29 04:17:39    [wait] 18/30 still running, sleeping 300s
2026-07-29 04:22:39    [wait] 18/30 still running, sleeping 300s
2026-07-29 04:27:39    [wait] 18/30 still running, sleeping 300s
2026-07-29 04:32:39    [wait] 18/30 still running, sleeping 300s
2026-07-29 04:37:39    [wait] 18/30 still running, sleeping 300s
2026-07-29 04:42:39    [wait] 18/30 still running, sleeping 300s
2026-07-29 04:47:39    [wait] 18/30 still running, sleeping 300s
2026-07-29 04:52:39    [wait] 18/30 still running, sleeping 300s
2026-07-29 04:57:39    [wait] 18/30 still running, sleeping 300s
2026-07-29 05:02:39    [wait] 18/30 still running, sleeping 300s
2026-07-29 05:07:39    [wait] 18/30 still running, sleeping 300s
2026-07-29 05:12:39    [wait] 18/30 still running, sleeping 300s
2026-07-29 05:17:39    [wait] 18/30 still running, sleeping 300s
2026-07-29 05:22:39    [wait] 18/30 still running, sleeping 300s
2026-07-29 05:27:39    [wait] 18/30 still running, sleeping 300s
2026-07-29 05:32:39    [wait] 18/30 still running, sleeping 300s
2026-07-29 05:37:39    [wait] 18/30 still running, sleeping 300s
2026-07-29 05:42:39    [wait] 18/30 still running, sleeping 300s
2026-07-29 05:47:39    [wait] 18/30 still running, sleeping 300s
2026-07-29 05:52:40    [wait] 18/30 still running, sleeping 300s
2026-07-29 05:57:40    [wait] 18/30 still running, sleeping 300s
2026-07-29 06:02:40    [wait] 18/30 still running, sleeping 300s
2026-07-29 06:07:40    [wait] 18/30 still running, sleeping 300s
2026-07-29 06:12:40    [wait] 18/30 still running, sleeping 300s
2026-07-29 06:17:40    [wait] 18/30 still running, sleeping 300s
2026-07-29 06:22:40    [wait] 18/30 still running, sleeping 300s
2026-07-29 06:27:40    [wait] 18/30 still running, sleeping 300s
2026-07-29 06:32:40    [wait] 18/30 still running, sleeping 300s
2026-07-29 06:37:40    [wait] 18/30 still running, sleeping 300s
2026-07-29 06:42:40    [wait] 18/30 still running, sleeping 300s
2026-07-29 06:47:40    [wait] 18/30 still running, sleeping 300s
2026-07-29 06:52:40    [wait] 18/30 still running, sleeping 300s
2026-07-29 06:57:40    [wait] 18/30 still running, sleeping 300s
2026-07-29 07:02:40    [wait] 18/30 still running, sleeping 300s
2026-07-29 07:07:40    [wait] 18/30 still running, sleeping 300s
2026-07-29 07:12:40    [wait] 18/30 still running, sleeping 300s
2026-07-29 07:17:40    [wait] 18/30 still running, sleeping 300s
2026-07-29 07:22:40    [wait] 18/30 still running, sleeping 300s
2026-07-29 07:27:41    [wait] 18/30 still running, sleeping 300s
2026-07-29 07:32:41    [wait] 18/30 still running, sleeping 300s
2026-07-29 07:37:41    [wait] 18/30 still running, sleeping 300s
2026-07-29 07:42:41    [wait] 18/30 still running, sleeping 300s
2026-07-29 07:47:41    [wait] 18/30 still running, sleeping 300s
2026-07-29 07:52:41    [wait] 18/30 still running, sleeping 300s
2026-07-29 07:57:41    [wait] 18/30 still running, sleeping 300s
2026-07-29 08:02:41    [wait] 18/30 still running, sleeping 300s
2026-07-29 08:07:41    [wait] 18/30 still running, sleeping 300s
2026-07-29 08:12:41    [wait] 18/30 still running, sleeping 300s
2026-07-29 08:17:41    [wait] 18/30 still running, sleeping 300s
2026-07-29 08:22:41    [wait] 18/30 still running, sleeping 300s
2026-07-29 08:27:41    [wait] 18/30 still running, sleeping 300s
2026-07-29 08:32:41    [wait] 18/30 still running, sleeping 300s
2026-07-29 08:37:42    [wait] 18/30 still running, sleeping 300s
2026-07-29 08:42:42    [wait] 18/30 still running, sleeping 300s
2026-07-29 08:47:42    [wait] 18/30 still running, sleeping 300s
2026-07-29 08:52:42    [wait] 18/30 still running, sleeping 300s
2026-07-29 08:57:42    [wait] 18/30 still running, sleeping 300s
2026-07-29 09:02:42    [wait] 18/30 still running, sleeping 300s
2026-07-29 09:07:42    [wait] 18/30 still running, sleeping 300s
2026-07-29 09:12:42    [wait] 18/30 still running, sleeping 300s
2026-07-29 09:17:42    [wait] 18/30 still running, sleeping 300s
2026-07-29 09:22:42    [wait] 18/30 still running, sleeping 300s
2026-07-29 09:27:42    [wait] 18/30 still running, sleeping 300s
2026-07-29 09:32:42    [wait] 18/30 still running, sleeping 300s
2026-07-29 09:37:42    [wait] 18/30 still running, sleeping 300s
2026-07-29 09:42:42    [wait] 18/30 still running, sleeping 300s
2026-07-29 09:47:42    [wait] 18/30 still running, sleeping 300s
2026-07-29 09:52:42    [wait] 18/30 still running, sleeping 300s
2026-07-29 09:57:42    [wait] 18/30 still running, sleeping 300s
2026-07-29 10:02:43    [wait] 18/30 still running, sleeping 300s
2026-07-29 10:07:43    [wait] 18/30 still running, sleeping 300s
2026-07-29 10:12:43    [wait] 18/30 still running, sleeping 300s
2026-07-29 10:17:43    [wait] 18/30 still running, sleeping 300s
2026-07-29 10:22:43    [wait] 18/30 still running, sleeping 300s
2026-07-29 10:27:43    [wait] 18/30 still running, sleeping 300s
2026-07-29 10:32:43    [wait] 18/30 still running, sleeping 300s
2026-07-29 10:37:43    [wait] 18/30 still running, sleeping 300s
2026-07-29 10:42:43    [wait] 18/30 still running, sleeping 300s
2026-07-29 10:47:43    [wait] 18/30 still running, sleeping 300s
2026-07-29 10:52:43    [wait] 18/30 still running, sleeping 300s
2026-07-29 10:57:44    [wait] 18/30 still running, sleeping 300s
2026-07-29 11:02:44    [wait] 18/30 still running, sleeping 300s
2026-07-29 11:07:44    [wait] 18/30 still running, sleeping 300s
2026-07-29 11:12:45    [wait] 18/30 still running, sleeping 300s
2026-07-29 11:17:45    [wait] 18/30 still running, sleeping 300s
2026-07-29 11:22:45    [wait] 18/30 still running, sleeping 300s
2026-07-29 11:27:45    [wait] 18/30 still running, sleeping 300s
2026-07-29 11:32:45    [wait] 18/30 still running, sleeping 300s
2026-07-29 11:37:45    [wait] 18/30 still running, sleeping 300s
2026-07-29 11:42:45    [wait] 18/30 still running, sleeping 300s
2026-07-29 11:47:45    [wait] 18/30 still running, sleeping 300s
2026-07-29 11:52:45    [wait] 18/30 still running, sleeping 300s
2026-07-29 11:57:45    [wait] 18/30 still running, sleeping 300s
2026-07-29 12:02:46    [wait] 18/30 still running, sleeping 300s
2026-07-29 12:07:46    [wait] 18/30 still running, sleeping 300s
2026-07-29 12:12:46    [wait] 18/30 still running, sleeping 300s
2026-07-29 12:17:46    [wait] 18/30 still running, sleeping 300s
2026-07-29 12:22:46    [wait] 18/30 still running, sleeping 300s
2026-07-29 12:27:46    [wait] 18/30 still running, sleeping 300s
2026-07-29 12:32:46    [wait] 18/30 still running, sleeping 300s
2026-07-29 12:37:46    [wait] 18/30 still running, sleeping 300s
2026-07-29 12:42:46    [wait] 18/30 still running, sleeping 300s
2026-07-29 12:47:46    [wait] 18/30 still running, sleeping 300s
2026-07-29 12:52:46    [wait] 18/30 still running, sleeping 300s
2026-07-29 12:57:46    [wait] 18/30 still running, sleeping 300s
2026-07-29 13:02:46    [wait] 18/30 still running, sleeping 300s
2026-07-29 13:07:46    [wait] 18/30 still running, sleeping 300s
2026-07-29 13:12:46    [wait] 18/30 still running, sleeping 300s
2026-07-29 13:17:46    [wait] 18/30 still running, sleeping 300s
2026-07-29 13:22:46    [wait] 18/30 still running, sleeping 300s
2026-07-29 13:27:46    [wait] 18/30 still running, sleeping 300s
2026-07-29 13:32:46    [wait] 18/30 still running, sleeping 300s
2026-07-29 13:37:46    [wait] 18/30 still running, sleeping 300s
2026-07-29 13:42:47    [wait] 18/30 still running, sleeping 300s
2026-07-29 13:47:47    [wait] 18/30 still running, sleeping 300s
2026-07-29 13:52:47    [wait] 18/30 still running, sleeping 300s
2026-07-29 13:57:47    [wait] 18/30 still running, sleeping 300s
2026-07-29 14:02:47    [wait] 18/30 still running, sleeping 300s
2026-07-29 14:07:47    [wait] 18/30 still running, sleeping 300s
2026-07-29 14:12:47    [wait] 18/30 still running, sleeping 300s
2026-07-29 14:17:47    [wait] 18/30 still running, sleeping 300s
2026-07-29 14:22:47    [wait] 18/30 still running, sleeping 300s
2026-07-29 14:27:47    [wait] 18/30 still running, sleeping 300s
2026-07-29 14:32:47    [wait] 18/30 still running, sleeping 300s
2026-07-29 14:37:48    [wait] 18/30 still running, sleeping 300s
2026-07-29 14:42:48    [wait] 18/30 still running, sleeping 300s
2026-07-29 14:47:48    [wait] 18/30 still running, sleeping 300s
2026-07-29 14:52:48    [wait] 18/30 still running, sleeping 300s
2026-07-29 14:57:48    [wait] 18/30 still running, sleeping 300s
2026-07-29 15:02:48    [wait] 18/30 still running, sleeping 300s
2026-07-29 15:07:48    [wait] 18/30 still running, sleeping 300s
2026-07-29 15:12:49    [wait] 18/30 still running, sleeping 300s
2026-07-29 15:17:49    [wait] 18/30 still running, sleeping 300s
2026-07-29 15:22:49    [wait] 18/30 still running, sleeping 300s
2026-07-29 15:27:49    [wait] 18/30 still running, sleeping 300s
2026-07-29 15:32:49    [wait] 18/30 still running, sleeping 300s
2026-07-29 15:37:49    [wait] 18/30 still running, sleeping 300s
2026-07-29 15:42:49    [wait] 18/30 still running, sleeping 300s
2026-07-29 15:47:49    [wait] 18/30 still running, sleeping 300s
2026-07-29 15:52:49    [wait] 18/30 still running, sleeping 300s
2026-07-29 15:57:49    [wait] 18/30 still running, sleeping 300s
2026-07-29 16:02:49    [wait] 18/30 still running, sleeping 300s
2026-07-29 16:07:49    [wait] 18/30 still running, sleeping 300s
2026-07-29 16:12:49    [wait] 18/30 still running, sleeping 300s
2026-07-29 16:17:49    [wait] 18/30 still running, sleeping 300s
2026-07-29 16:22:49    [wait] 18/30 still running, sleeping 300s
2026-07-29 16:27:49    [wait] 18/30 still running, sleeping 300s
2026-07-29 16:32:49    [wait] 18/30 still running, sleeping 300s
2026-07-29 16:37:49    [wait] 18/30 still running, sleeping 300s
2026-07-29 16:42:49    [wait] 18/30 still running, sleeping 300s
2026-07-29 16:47:49    [wait] 18/30 still running, sleeping 300s
2026-07-29 16:52:49    [wait] 18/30 still running, sleeping 300s
2026-07-29 16:57:50    [wait] 18/30 still running, sleeping 300s
2026-07-29 17:02:50    [wait] 18/30 still running, sleeping 300s
2026-07-29 17:07:50    [wait] 18/30 still running, sleeping 300s
2026-07-29 17:12:50    [wait] 18/30 still running, sleeping 300s
2026-07-29 17:17:50    [wait] 18/30 still running, sleeping 300s
2026-07-29 17:22:50    [wait] 18/30 still running, sleeping 300s
2026-07-29 17:27:50    [wait] 18/30 still running, sleeping 300s
2026-07-29 17:32:50    [wait] 18/30 still running, sleeping 300s
2026-07-29 17:37:50    [wait] 18/30 still running, sleeping 300s
2026-07-29 17:42:50    [wait] 18/30 still running, sleeping 300s
2026-07-29 17:47:50    [wait] 18/30 still running, sleeping 300s
2026-07-29 17:52:50    [wait] 18/30 still running, sleeping 300s
2026-07-29 17:57:51    [wait] 18/30 still running, sleeping 300s
2026-07-29 18:02:51    [wait] 18/30 still running, sleeping 300s
2026-07-29 18:07:51    [wait] 18/30 still running, sleeping 300s
2026-07-29 18:12:51    [wait] 18/30 still running, sleeping 300s
2026-07-29 18:17:51    [wait] 18/30 still running, sleeping 300s
2026-07-29 18:22:51    [wait] 18/30 still running, sleeping 300s
2026-07-29 18:27:51    [wait] 18/30 still running, sleeping 300s
2026-07-29 18:32:51    [wait] 18/30 still running, sleeping 300s
2026-07-29 18:37:51    [wait] 18/30 still running, sleeping 300s
2026-07-29 18:42:51    [wait] 18/30 still running, sleeping 300s
2026-07-29 18:47:51    [wait] 18/30 still running, sleeping 300s
2026-07-29 18:52:51    [wait] 18/30 still running, sleeping 300s
2026-07-29 18:57:51    [wait] 18/30 still running, sleeping 300s
2026-07-29 19:02:52    [wait] 18/30 still running, sleeping 300s
2026-07-29 19:07:52    [wait] 18/30 still running, sleeping 300s
2026-07-29 19:12:52    [wait] 18/30 still running, sleeping 300s
2026-07-29 19:17:52    [wait] 18/30 still running, sleeping 300s
2026-07-29 19:22:52    [wait] 18/30 still running, sleeping 300s
2026-07-29 19:27:52    [wait] 18/30 still running, sleeping 300s
2026-07-29 19:32:52    [wait] 18/30 still running, sleeping 300s
2026-07-29 19:37:52    [wait] 18/30 still running, sleeping 300s
2026-07-29 19:42:52    [wait] 18/30 still running, sleeping 300s
2026-07-29 19:47:52    [wait] 18/30 still running, sleeping 300s
2026-07-29 19:52:52    [wait] 18/30 still running, sleeping 300s
2026-07-29 19:57:52    [wait] 18/30 still running, sleeping 300s
2026-07-29 20:02:52    [wait] 18/30 still running, sleeping 300s
2026-07-29 20:07:52    [wait] 18/30 still running, sleeping 300s
2026-07-29 20:12:52    [wait] 18/30 still running, sleeping 300s
2026-07-29 20:17:52    [wait] 18/30 still running, sleeping 300s
2026-07-29 20:22:53    [wait] 18/30 still running, sleeping 300s
2026-07-29 20:27:53    [wait] 18/30 still running, sleeping 300s
2026-07-29 20:32:53    [wait] 18/30 still running, sleeping 300s
2026-07-29 20:37:53    [wait] 18/30 still running, sleeping 300s
2026-07-29 20:42:53    [wait] 18/30 still running, sleeping 300s
2026-07-29 20:47:53    [wait] 18/30 still running, sleeping 300s
2026-07-29 20:52:53    [wait] 18/30 still running, sleeping 300s
2026-07-29 20:57:53    [wait] 18/30 still running, sleeping 300s
2026-07-29 21:02:53    [wait] 18/30 still running, sleeping 300s
2026-07-29 21:07:53    [wait] 18/30 still running, sleeping 300s
2026-07-29 21:12:53    [wait] 18/30 still running, sleeping 300s
2026-07-29 21:17:53    [wait] 18/30 still running, sleeping 300s
2026-07-29 21:22:53    [wait] 18/30 still running, sleeping 300s
2026-07-29 21:27:53    [wait] 18/30 still running, sleeping 300s
2026-07-29 21:32:53    [wait] 18/30 still running, sleeping 300s
2026-07-29 21:37:53    [wait] 18/30 still running, sleeping 300s
2026-07-29 21:42:53    [wait] 18/30 still running, sleeping 300s
2026-07-29 21:47:53    [wait] 18/30 still running, sleeping 300s
2026-07-29 21:52:53    [wait] 18/30 still running, sleeping 300s
2026-07-29 21:57:53    [wait] 18/30 still running, sleeping 300s
2026-07-29 22:02:54    [wait] 18/30 still running, sleeping 300s
2026-07-29 22:07:54    [wait] 18/30 still running, sleeping 300s
2026-07-29 22:12:54    [wait] 18/30 still running, sleeping 300s
2026-07-29 22:17:54    [wait] 18/30 still running, sleeping 300s
2026-07-29 22:22:54    [wait] 18/30 still running, sleeping 300s
2026-07-29 22:27:54    [wait] 18/30 still running, sleeping 300s
2026-07-29 22:32:54    [wait] 18/30 still running, sleeping 300s
2026-07-29 22:37:54    [wait] 18/30 still running, sleeping 300s
2026-07-29 22:42:54    [wait] 18/30 still running, sleeping 300s
2026-07-29 22:47:54    [wait] 18/30 still running, sleeping 300s
2026-07-29 22:52:54    [wait] 18/30 still running, sleeping 300s
2026-07-29 22:57:54    [wait] 18/30 still running, sleeping 300s
2026-07-29 23:02:55    [wait] 17/30 still running, sleeping 300s
2026-07-29 23:07:55    [wait] 17/30 still running, sleeping 300s
2026-07-29 23:12:55    [wait] 16/30 still running, sleeping 300s
2026-07-29 23:17:55    [wait] 16/30 still running, sleeping 300s
2026-07-29 23:22:55    [wait] 16/30 still running, sleeping 300s
2026-07-29 23:27:55    [wait] 16/30 still running, sleeping 300s
2026-07-29 23:32:55    [wait] 16/30 still running, sleeping 300s
2026-07-29 23:37:55    [wait] 16/30 still running, sleeping 300s
2026-07-29 23:42:55    [wait] 16/30 still running, sleeping 300s
2026-07-29 23:47:55    [wait] 16/30 still running, sleeping 300s
2026-07-29 23:52:55    [wait] 16/30 still running, sleeping 300s
2026-07-29 23:57:55    [wait] 16/30 still running, sleeping 300s
2026-07-30 00:02:55    [wait] 16/30 still running, sleeping 300s
2026-07-30 00:07:55    [wait] 16/30 still running, sleeping 300s
2026-07-30 00:12:55    [wait] 16/30 still running, sleeping 300s
2026-07-30 00:17:55    [wait] 16/30 still running, sleeping 300s
2026-07-30 00:22:55    [wait] 16/30 still running, sleeping 300s
2026-07-30 00:27:55    [wait] 16/30 still running, sleeping 300s
2026-07-30 00:32:55    [wait] 16/30 still running, sleeping 300s
2026-07-30 00:37:55    [wait] 16/30 still running, sleeping 300s
2026-07-30 00:42:55    [wait] 16/30 still running, sleeping 300s
2026-07-30 00:47:55    [wait] 16/30 still running, sleeping 300s
2026-07-30 00:52:55    [wait] 16/30 still running, sleeping 300s
2026-07-30 00:57:56    [wait] 16/30 still running, sleeping 300s
2026-07-30 01:02:56    [wait] 16/30 still running, sleeping 300s
2026-07-30 01:07:56    [wait] 16/30 still running, sleeping 300s
2026-07-30 01:12:56    [wait] 16/30 still running, sleeping 300s
2026-07-30 01:17:56    [wait] 16/30 still running, sleeping 300s
2026-07-30 01:22:56    [wait] 16/30 still running, sleeping 300s
2026-07-30 01:27:56    [wait] 16/30 still running, sleeping 300s
2026-07-30 01:32:56    [wait] 16/30 still running, sleeping 300s
2026-07-30 01:37:56    [wait] 16/30 still running, sleeping 300s
2026-07-30 01:42:56    [wait] 16/30 still running, sleeping 300s
2026-07-30 01:47:56    [wait] 16/30 still running, sleeping 300s
2026-07-30 01:52:56    [wait] 16/30 still running, sleeping 300s
2026-07-30 01:57:56    [wait] 16/30 still running, sleeping 300s
2026-07-30 02:02:56    [wait] 15/30 still running, sleeping 300s
2026-07-30 02:07:56    [wait] 13/30 still running, sleeping 300s
2026-07-30 02:12:56    [wait] 13/30 still running, sleeping 300s
2026-07-30 02:17:56    [wait] 13/30 still running, sleeping 300s
2026-07-30 02:22:57    [wait] 13/30 still running, sleeping 300s
2026-07-30 02:27:57    [wait] 13/30 still running, sleeping 300s
2026-07-30 02:32:57    [wait] 13/30 still running, sleeping 300s
2026-07-30 02:37:57    [wait] 13/30 still running, sleeping 300s
2026-07-30 02:42:57    [wait] 13/30 still running, sleeping 300s
2026-07-30 02:47:57    [wait] 13/30 still running, sleeping 300s
2026-07-30 02:52:57    [wait] 13/30 still running, sleeping 300s
2026-07-30 02:57:57    [wait] 13/30 still running, sleeping 300s
2026-07-30 03:02:57    [wait] 13/30 still running, sleeping 300s
2026-07-30 03:07:57    [wait] 13/30 still running, sleeping 300s
2026-07-30 03:12:57    [wait] 13/30 still running, sleeping 300s
2026-07-30 03:17:57    [wait] 13/30 still running, sleeping 300s
2026-07-30 03:22:58    [wait] 13/30 still running, sleeping 300s
2026-07-30 03:27:58    [wait] 13/30 still running, sleeping 300s
2026-07-30 03:32:58    [wait] 13/30 still running, sleeping 300s
2026-07-30 03:37:58    [wait] 13/30 still running, sleeping 300s
2026-07-30 03:42:58    [wait] 13/30 still running, sleeping 300s
2026-07-30 03:47:58    [wait] 13/30 still running, sleeping 300s
2026-07-30 03:52:58    [wait] 13/30 still running, sleeping 300s
2026-07-30 03:57:58    [wait] 13/30 still running, sleeping 300s
2026-07-30 04:02:58    [wait] 13/30 still running, sleeping 300s
2026-07-30 04:07:58    [wait] 13/30 still running, sleeping 300s
2026-07-30 04:12:58    [wait] 13/30 still running, sleeping 300s
2026-07-30 04:17:58    [wait] 13/30 still running, sleeping 300s
2026-07-30 04:22:58    [wait] 13/30 still running, sleeping 300s
2026-07-30 04:27:58    [wait] 13/30 still running, sleeping 300s
2026-07-30 04:32:58    [wait] 13/30 still running, sleeping 300s
2026-07-30 04:37:58    [wait] 13/30 still running, sleeping 300s
2026-07-30 04:42:58    [wait] 13/30 still running, sleeping 300s
2026-07-30 04:47:58    [wait] 13/30 still running, sleeping 300s
2026-07-30 04:52:58    [wait] 13/30 still running, sleeping 300s
2026-07-30 04:57:58    [wait] 13/30 still running, sleeping 300s
2026-07-30 05:02:58    [wait] 13/30 still running, sleeping 300s
2026-07-30 05:07:58    [wait] 13/30 still running, sleeping 300s
2026-07-30 05:12:58    [wait] 13/30 still running, sleeping 300s
2026-07-30 05:17:58    [wait] 13/30 still running, sleeping 300s
2026-07-30 05:22:58    [wait] 13/30 still running, sleeping 300s
2026-07-30 05:27:58    [wait] 13/30 still running, sleeping 300s
2026-07-30 05:32:58    [wait] 13/30 still running, sleeping 300s
2026-07-30 05:37:59    [wait] 13/30 still running, sleeping 300s
2026-07-30 05:42:59    [wait] 13/30 still running, sleeping 300s
2026-07-30 05:47:59    [wait] 13/30 still running, sleeping 300s
2026-07-30 05:52:59    [wait] 13/30 still running, sleeping 300s
2026-07-30 05:57:59    [wait] 13/30 still running, sleeping 300s
2026-07-30 06:02:59    [wait] 13/30 still running, sleeping 300s
2026-07-30 06:07:59    [wait] 12/30 still running, sleeping 300s
2026-07-30 06:12:59    [wait] 12/30 still running, sleeping 300s
2026-07-30 06:17:59    [wait] 12/30 still running, sleeping 300s
2026-07-30 06:22:59    [wait] 12/30 still running, sleeping 300s
2026-07-30 06:27:59    [wait] 12/30 still running, sleeping 300s
2026-07-30 06:32:59    [wait] 11/30 still running, sleeping 300s
2026-07-30 06:37:59    [wait] 9/30 still running, sleeping 300s
2026-07-30 06:42:59    [wait] 9/30 still running, sleeping 300s
2026-07-30 06:47:59    [wait] 9/30 still running, sleeping 300s
2026-07-30 06:52:59    [wait] 9/30 still running, sleeping 300s
2026-07-30 06:57:59    [wait] 8/30 still running, sleeping 300s
2026-07-30 07:02:59    [wait] 7/30 still running, sleeping 300s
2026-07-30 07:07:59    [wait] 7/30 still running, sleeping 300s
2026-07-30 07:12:59    [wait] 7/30 still running, sleeping 300s
2026-07-30 07:17:59    [wait] 7/30 still running, sleeping 300s
2026-07-30 07:22:59    [wait] 7/30 still running, sleeping 300s
2026-07-30 07:27:59    [wait] 7/30 still running, sleeping 300s
2026-07-30 07:32:59    [wait] 7/30 still running, sleeping 300s
2026-07-30 07:37:59    [wait] 7/30 still running, sleeping 300s
2026-07-30 07:42:59    [wait] 7/30 still running, sleeping 300s
2026-07-30 07:47:59    [wait] 7/30 still running, sleeping 300s
2026-07-30 07:52:59    [wait] 7/30 still running, sleeping 300s
2026-07-30 07:57:59    [wait] 7/30 still running, sleeping 300s
2026-07-30 08:03:00    [wait] 7/30 still running, sleeping 300s
2026-07-30 08:08:00    [wait] 7/30 still running, sleeping 300s
2026-07-30 08:13:00    [wait] 7/30 still running, sleeping 300s
2026-07-30 08:18:00    [wait] 7/30 still running, sleeping 300s
2026-07-30 08:23:00    [wait] 7/30 still running, sleeping 300s
2026-07-30 08:28:00    [wait] 7/30 still running, sleeping 300s
2026-07-30 08:33:00    [wait] 7/30 still running, sleeping 300s
2026-07-30 08:38:00    [wait] 7/30 still running, sleeping 300s
2026-07-30 08:43:00    [wait] 7/30 still running, sleeping 300s
2026-07-30 08:48:00    [wait] 7/30 still running, sleeping 300s
2026-07-30 08:53:00    [wait] 7/30 still running, sleeping 300s
2026-07-30 08:58:00    [wait] 7/30 still running, sleeping 300s
2026-07-30 09:03:00    [wait] 7/30 still running, sleeping 300s
2026-07-30 09:08:01    [wait] 7/30 still running, sleeping 300s
2026-07-30 09:13:01    [wait] 5/30 still running, sleeping 300s
2026-07-30 09:18:01    [wait] 5/30 still running, sleeping 300s
2026-07-30 09:23:01    [wait] 5/30 still running, sleeping 300s
2026-07-30 09:28:01    [wait] 5/30 still running, sleeping 300s
2026-07-30 09:33:01    [wait] 5/30 still running, sleeping 300s
2026-07-30 09:38:01    [wait] 5/30 still running, sleeping 300s
2026-07-30 09:43:01    [wait] 5/30 still running, sleeping 300s
2026-07-30 09:48:01    [wait] 5/30 still running, sleeping 300s
2026-07-30 09:53:01    [wait] 5/30 still running, sleeping 300s
2026-07-30 09:58:01    [wait] 5/30 still running, sleeping 300s
2026-07-30 10:03:01    [wait] 5/30 still running, sleeping 300s
2026-07-30 10:08:01    [wait] 5/30 still running, sleeping 300s
2026-07-30 10:13:01    [wait] 5/30 still running, sleeping 300s
2026-07-30 10:18:01    [wait] 5/30 still running, sleeping 300s
2026-07-30 10:23:01    [wait] 5/30 still running, sleeping 300s
2026-07-30 10:28:01    [wait] 5/30 still running, sleeping 300s
2026-07-30 10:33:01    [wait] 5/30 still running, sleeping 300s
2026-07-30 10:38:01    [wait] 5/30 still running, sleeping 300s
2026-07-30 10:43:01    [wait] 5/30 still running, sleeping 300s
2026-07-30 10:48:01    [wait] 5/30 still running, sleeping 300s
2026-07-30 10:53:01    [wait] 5/30 still running, sleeping 300s
2026-07-30 10:58:01    [wait] 5/30 still running, sleeping 300s
2026-07-30 11:03:01    [wait] 5/30 still running, sleeping 300s
2026-07-30 11:08:01    [wait] 5/30 still running, sleeping 300s
2026-07-30 11:13:01    [wait] 5/30 still running, sleeping 300s
2026-07-30 11:18:02    [wait] 4/30 still running, sleeping 300s
2026-07-30 11:23:02    [wait] 4/30 still running, sleeping 300s
2026-07-30 11:28:02    [wait] 4/30 still running, sleeping 300s
2026-07-30 11:33:02    [wait] 3/30 still running, sleeping 300s
2026-07-30 11:38:02    [wait] 3/30 still running, sleeping 300s
2026-07-30 11:43:02    [wait] 3/30 still running, sleeping 300s
2026-07-30 11:48:02    [wait] 3/30 still running, sleeping 300s
2026-07-30 11:53:02    [wait] 2/30 still running, sleeping 300s
2026-07-30 11:58:02    [wait] 2/30 still running, sleeping 300s
2026-07-30 12:03:02    [wait] 2/30 still running, sleeping 300s
2026-07-30 12:08:02    [wait] 2/30 still running, sleeping 300s
2026-07-30 12:13:02    [wait] 1/30 still running, sleeping 300s
2026-07-30 12:18:02    [wait] 1/30 still running, sleeping 300s
2026-07-30 12:23:03    [wait] 1/30 still running, sleeping 300s
2026-07-30 12:28:03    [wait] 1/30 still running, sleeping 300s
2026-07-30 12:33:03    [wait] 1/30 still running, sleeping 300s
2026-07-30 12:38:03    [wait] 1/30 still running, sleeping 300s
2026-07-30 12:43:03    [wait] 1/30 still running, sleeping 300s
2026-07-30 12:48:03    [wait] 1/30 still running, sleeping 300s
2026-07-30 12:53:04  trial 40: ov_dsc=0.1343 ut_dsc=0.5699 objective[weighted]=0.3085
2026-07-30 12:53:06  trial 41: ov_dsc=0.1251 ut_dsc=0.5300 objective[weighted]=0.2871
2026-07-30 12:53:06  trial 42: ov_dsc=0.1414 ut_dsc=0.5707 objective[weighted]=0.3132
2026-07-30 12:53:07  trial 43: ov_dsc=0.1315 ut_dsc=0.5627 objective[weighted]=0.3040
2026-07-30 12:53:07  trial 44: ov_dsc=0.1111 ut_dsc=0.5695 objective[weighted]=0.2945
2026-07-30 12:53:07  trial 45: ov_dsc=0.1487 ut_dsc=0.5405 objective[weighted]=0.3054
2026-07-30 12:53:08  trial 46: ov_dsc=0.1267 ut_dsc=0.5612 objective[weighted]=0.3005
2026-07-30 12:53:08  trial 47: ov_dsc=0.1586 ut_dsc=0.5544 objective[weighted]=0.3169
2026-07-30 12:53:09  trial 48: ov_dsc=0.0909 ut_dsc=0.5680 objective[weighted]=0.2818
2026-07-30 12:53:09  trial 49: ov_dsc=0.0742 ut_dsc=0.5626 objective[weighted]=0.2696
2026-07-30 12:53:09  progress: 34/40 complete
2026-07-30 12:53:09  === batch: 6 trials (of 6 remaining) ===
2026-07-30 12:53:10    suggest trial 50: {'ovary_target': 0.23167603878223977, 'iscs_alpha': 0.22731375258208153, 'iscs_lowpass_sigma': 2.7449373347434705, 'z_smooth_sigma': 1.2660682572544917, 'body_mask': 1, 'hist_match': 1, 'skip_enh': 1}
2026-07-30 12:53:10    suggest trial 51: {'ovary_target': 0.23334561699798945, 'iscs_alpha': 0.2269847737644084, 'iscs_lowpass_sigma': 2.645064603601045, 'z_smooth_sigma': 1.2064987568580703, 'body_mask': 1, 'hist_match': 1, 'skip_enh': 1}
2026-07-30 12:53:10    suggest trial 52: {'ovary_target': 0.2316329485551668, 'iscs_alpha': 0.23520246528166897, 'iscs_lowpass_sigma': 2.777718346547334, 'z_smooth_sigma': 1.2651004651207247, 'body_mask': 1, 'hist_match': 1, 'skip_enh': 1}
2026-07-30 12:53:11    suggest trial 53: {'ovary_target': 0.23400670145593083, 'iscs_alpha': 0.24560684153860388, 'iscs_lowpass_sigma': 2.6321247870773816, 'z_smooth_sigma': 1.2954541773580908, 'body_mask': 1, 'hist_match': 1, 'skip_enh': 1}
2026-07-30 12:53:11    suggest trial 54: {'ovary_target': 0.23608771799399705, 'iscs_alpha': 0.004809777737898879, 'iscs_lowpass_sigma': 2.619206398504278, 'z_smooth_sigma': 1.2850295556061067, 'body_mask': 1, 'hist_match': 1, 'skip_enh': 1}
2026-07-30 12:53:11    suggest trial 55: {'ovary_target': 0.23139370484489982, 'iscs_alpha': 0.23944134296330194, 'iscs_lowpass_sigma': 2.613458445021436, 'z_smooth_sigma': 1.2624129625113858, 'body_mask': 1, 'hist_match': 1, 'skip_enh': 1}
2026-07-30 12:53:11  submitted 18 jobs; polling sacct every 300s
2026-07-30 12:53:11    [wait] 18/18 still running, sleeping 300s
2026-07-30 12:58:11    [wait] 18/18 still running, sleeping 300s
2026-07-30 13:03:11    [wait] 18/18 still running, sleeping 300s
2026-07-30 13:08:12    [wait] 18/18 still running, sleeping 300s
2026-07-30 13:13:12    [wait] 18/18 still running, sleeping 300s
2026-07-30 13:18:12    [wait] 18/18 still running, sleeping 300s
2026-07-30 13:23:12    [wait] 18/18 still running, sleeping 300s
2026-07-30 13:28:12    [wait] 18/18 still running, sleeping 300s
2026-07-30 13:33:12    [wait] 18/18 still running, sleeping 300s
2026-07-30 13:38:12    [wait] 18/18 still running, sleeping 300s
2026-07-30 13:43:12    [wait] 18/18 still running, sleeping 300s
2026-07-30 13:48:12    [wait] 18/18 still running, sleeping 300s
2026-07-30 13:53:12    [wait] 18/18 still running, sleeping 300s
2026-07-30 13:58:12    [wait] 18/18 still running, sleeping 300s
2026-07-30 14:03:12    [wait] 18/18 still running, sleeping 300s
2026-07-30 14:08:12    [wait] 18/18 still running, sleeping 300s
2026-07-30 14:13:12    [wait] 18/18 still running, sleeping 300s
2026-07-30 14:18:12    [wait] 18/18 still running, sleeping 300s
2026-07-30 14:23:13    [wait] 18/18 still running, sleeping 300s
2026-07-30 14:28:13    [wait] 18/18 still running, sleeping 300s
2026-07-30 14:33:13    [wait] 18/18 still running, sleeping 300s
2026-07-30 14:38:13    [wait] 18/18 still running, sleeping 300s
2026-07-30 14:43:13    [wait] 18/18 still running, sleeping 300s
2026-07-30 14:48:13    [wait] 18/18 still running, sleeping 300s
2026-07-30 14:53:13    [wait] 18/18 still running, sleeping 300s
2026-07-30 14:58:13    [wait] 18/18 still running, sleeping 300s
2026-07-30 15:03:13    [wait] 18/18 still running, sleeping 300s
2026-07-30 15:08:13    [wait] 18/18 still running, sleeping 300s
2026-07-30 15:13:13    [wait] 18/18 still running, sleeping 300s
2026-07-30 15:18:13    [wait] 18/18 still running, sleeping 300s
2026-07-30 15:23:13    [wait] 18/18 still running, sleeping 300s
2026-07-30 15:28:13    [wait] 18/18 still running, sleeping 300s
2026-07-30 15:33:13    [wait] 18/18 still running, sleeping 300s
2026-07-30 15:38:13    [wait] 18/18 still running, sleeping 300s
2026-07-30 15:43:13    [wait] 18/18 still running, sleeping 300s
2026-07-30 15:48:13    [wait] 18/18 still running, sleeping 300s
2026-07-30 15:53:13    [wait] 18/18 still running, sleeping 300s
2026-07-30 15:58:13    [wait] 18/18 still running, sleeping 300s
2026-07-30 16:03:14    [wait] 18/18 still running, sleeping 300s
2026-07-30 16:08:14    [wait] 18/18 still running, sleeping 300s
2026-07-30 16:13:14    [wait] 18/18 still running, sleeping 300s
2026-07-30 16:18:14    [wait] 18/18 still running, sleeping 300s
2026-07-30 16:23:14    [wait] 18/18 still running, sleeping 300s
2026-07-30 16:28:14    [wait] 18/18 still running, sleeping 300s
2026-07-30 16:33:14    [wait] 18/18 still running, sleeping 300s
2026-07-30 16:38:14    [wait] 18/18 still running, sleeping 300s
2026-07-30 16:43:14    [wait] 18/18 still running, sleeping 300s
2026-07-30 16:48:14    [wait] 18/18 still running, sleeping 300s
2026-07-30 16:53:14    [wait] 18/18 still running, sleeping 300s
2026-07-30 16:58:14    [wait] 18/18 still running, sleeping 300s
2026-07-30 17:03:14    [wait] 18/18 still running, sleeping 300s
2026-07-30 17:08:14    [wait] 18/18 still running, sleeping 300s
2026-07-30 17:13:15    [wait] 18/18 still running, sleeping 300s
2026-07-30 17:18:15    [wait] 18/18 still running, sleeping 300s
2026-07-30 17:23:15    [wait] 18/18 still running, sleeping 300s
2026-07-30 17:28:15    [wait] 18/18 still running, sleeping 300s
2026-07-30 17:33:15    [wait] 18/18 still running, sleeping 300s
2026-07-30 17:38:15    [wait] 18/18 still running, sleeping 300s
2026-07-30 17:43:15    [wait] 18/18 still running, sleeping 300s
2026-07-30 17:48:15    [wait] 18/18 still running, sleeping 300s
2026-07-30 17:53:15    [wait] 18/18 still running, sleeping 300s
2026-07-30 17:58:15    [wait] 18/18 still running, sleeping 300s
2026-07-30 18:03:15    [wait] 18/18 still running, sleeping 300s
2026-07-30 18:08:15    [wait] 18/18 still running, sleeping 300s
2026-07-30 18:13:16    [wait] 18/18 still running, sleeping 300s
2026-07-30 18:18:16    [wait] 18/18 still running, sleeping 300s
2026-07-30 18:23:16    [wait] 18/18 still running, sleeping 300s
2026-07-30 18:28:16    [wait] 18/18 still running, sleeping 300s
2026-07-30 18:33:16    [wait] 18/18 still running, sleeping 300s
2026-07-30 18:38:16    [wait] 18/18 still running, sleeping 300s
2026-07-30 18:43:16    [wait] 18/18 still running, sleeping 300s
2026-07-30 18:48:16    [wait] 18/18 still running, sleeping 300s
2026-07-30 18:53:16    [wait] 18/18 still running, sleeping 300s
2026-07-30 18:58:16    [wait] 18/18 still running, sleeping 300s
2026-07-30 19:03:16    [wait] 18/18 still running, sleeping 300s
2026-07-30 19:08:16    [wait] 18/18 still running, sleeping 300s
2026-07-30 19:13:16    [wait] 18/18 still running, sleeping 300s
2026-07-30 19:18:16    [wait] 18/18 still running, sleeping 300s
2026-07-30 19:23:16    [wait] 18/18 still running, sleeping 300s
2026-07-30 19:28:16    [wait] 18/18 still running, sleeping 300s
2026-07-30 19:33:16    [wait] 18/18 still running, sleeping 300s
2026-07-30 19:38:17    [wait] 18/18 still running, sleeping 300s
2026-07-30 19:43:17    [wait] 18/18 still running, sleeping 300s
2026-07-30 19:48:17    [wait] 18/18 still running, sleeping 300s
2026-07-30 19:53:17    [wait] 18/18 still running, sleeping 300s
2026-07-30 19:58:17    [wait] 18/18 still running, sleeping 300s
2026-07-30 20:03:17    [wait] 18/18 still running, sleeping 300s
2026-07-30 20:08:17    [wait] 18/18 still running, sleeping 300s
2026-07-30 20:13:17    [wait] 18/18 still running, sleeping 300s
2026-07-30 20:18:17    [wait] 18/18 still running, sleeping 300s
2026-07-30 20:23:17    [wait] 18/18 still running, sleeping 300s
2026-07-30 20:28:17    [wait] 18/18 still running, sleeping 300s
2026-07-30 20:33:17    [wait] 18/18 still running, sleeping 300s
2026-07-30 20:38:17    [wait] 18/18 still running, sleeping 300s
2026-07-30 20:43:17    [wait] 18/18 still running, sleeping 300s
2026-07-30 20:48:17    [wait] 18/18 still running, sleeping 300s
2026-07-30 20:53:17    [wait] 18/18 still running, sleeping 300s
2026-07-30 20:58:17    [wait] 18/18 still running, sleeping 300s
2026-07-30 21:03:17    [wait] 18/18 still running, sleeping 300s
2026-07-30 21:08:17    [wait] 18/18 still running, sleeping 300s
2026-07-30 21:13:17    [wait] 18/18 still running, sleeping 300s
2026-07-30 21:18:17    [wait] 18/18 still running, sleeping 300s
2026-07-30 21:23:17    [wait] 18/18 still running, sleeping 300s
2026-07-30 21:28:18    [wait] 18/18 still running, sleeping 300s
2026-07-30 21:33:18    [wait] 18/18 still running, sleeping 300s
2026-07-30 21:38:18    [wait] 18/18 still running, sleeping 300s
2026-07-30 21:43:18    [wait] 18/18 still running, sleeping 300s
2026-07-30 21:48:18    [wait] 18/18 still running, sleeping 300s
2026-07-30 21:53:18    [wait] 18/18 still running, sleeping 300s
2026-07-30 21:58:18    [wait] 18/18 still running, sleeping 300s
2026-07-30 22:03:18    [wait] 18/18 still running, sleeping 300s
2026-07-30 22:08:18    [wait] 18/18 still running, sleeping 300s
2026-07-30 22:13:18    [wait] 18/18 still running, sleeping 300s
2026-07-30 22:18:18    [wait] 18/18 still running, sleeping 300s
2026-07-30 22:23:18    [wait] 18/18 still running, sleeping 300s
2026-07-30 22:28:18    [wait] 18/18 still running, sleeping 300s
2026-07-30 22:33:18    [wait] 18/18 still running, sleeping 300s
2026-07-30 22:38:18    [wait] 18/18 still running, sleeping 300s
2026-07-30 22:43:18    [wait] 18/18 still running, sleeping 300s
2026-07-30 22:48:18    [wait] 18/18 still running, sleeping 300s
2026-07-30 22:53:18    [wait] 18/18 still running, sleeping 300s
2026-07-30 22:58:18    [wait] 18/18 still running, sleeping 300s
2026-07-30 23:03:18    [wait] 18/18 still running, sleeping 300s
2026-07-30 23:08:18    [wait] 18/18 still running, sleeping 300s
2026-07-30 23:13:18    [wait] 18/18 still running, sleeping 300s
2026-07-30 23:18:19    [wait] 18/18 still running, sleeping 300s
2026-07-30 23:23:19    [wait] 18/18 still running, sleeping 300s
2026-07-30 23:28:19    [wait] 18/18 still running, sleeping 300s
2026-07-30 23:33:19    [wait] 18/18 still running, sleeping 300s
2026-07-30 23:38:19    [wait] 18/18 still running, sleeping 300s
2026-07-30 23:43:19    [wait] 18/18 still running, sleeping 300s
2026-07-30 23:48:19    [wait] 18/18 still running, sleeping 300s
2026-07-30 23:53:19    [wait] 18/18 still running, sleeping 300s
2026-07-30 23:58:19    [wait] 18/18 still running, sleeping 300s
2026-07-31 00:03:19    [wait] 18/18 still running, sleeping 300s
2026-07-31 00:08:19    [wait] 18/18 still running, sleeping 300s
2026-07-31 00:13:19    [wait] 18/18 still running, sleeping 300s
2026-07-31 00:18:19    [wait] 18/18 still running, sleeping 300s
2026-07-31 00:23:19    [wait] 18/18 still running, sleeping 300s
2026-07-31 00:28:19    [wait] 18/18 still running, sleeping 300s
2026-07-31 00:33:20    [wait] 18/18 still running, sleeping 300s
2026-07-31 00:38:20    [wait] 18/18 still running, sleeping 300s
2026-07-31 00:43:20    [wait] 18/18 still running, sleeping 300s
2026-07-31 00:48:20    [wait] 18/18 still running, sleeping 300s
2026-07-31 00:53:20    [wait] 18/18 still running, sleeping 300s
2026-07-31 00:58:20    [wait] 18/18 still running, sleeping 300s
2026-07-31 01:03:20    [wait] 18/18 still running, sleeping 300s
2026-07-31 01:08:20    [wait] 18/18 still running, sleeping 300s
2026-07-31 01:13:20    [wait] 18/18 still running, sleeping 300s
2026-07-31 01:18:20    [wait] 18/18 still running, sleeping 300s
2026-07-31 01:23:20    [wait] 18/18 still running, sleeping 300s
2026-07-31 01:28:20    [wait] 18/18 still running, sleeping 300s
2026-07-31 01:33:20    [wait] 18/18 still running, sleeping 300s
2026-07-31 01:38:20    [wait] 18/18 still running, sleeping 300s
2026-07-31 01:43:22    [wait] 18/18 still running, sleeping 300s
2026-07-31 01:48:22    [wait] 18/18 still running, sleeping 300s
2026-07-31 01:53:22    [wait] 18/18 still running, sleeping 300s
2026-07-31 01:58:22    [wait] 18/18 still running, sleeping 300s
2026-07-31 02:03:22    [wait] 18/18 still running, sleeping 300s
2026-07-31 02:08:22    [wait] 18/18 still running, sleeping 300s
2026-07-31 02:13:22    [wait] 18/18 still running, sleeping 300s
2026-07-31 02:18:22    [wait] 18/18 still running, sleeping 300s
2026-07-31 02:23:22    [wait] 18/18 still running, sleeping 300s
2026-07-31 02:28:22    [wait] 18/18 still running, sleeping 300s
2026-07-31 02:33:22    [wait] 18/18 still running, sleeping 300s
2026-07-31 02:38:22    [wait] 18/18 still running, sleeping 300s
2026-07-31 02:43:22    [wait] 18/18 still running, sleeping 300s
2026-07-31 02:48:22    [wait] 18/18 still running, sleeping 300s
2026-07-31 02:53:22    [wait] 18/18 still running, sleeping 300s
2026-07-31 02:58:22    [wait] 18/18 still running, sleeping 300s
2026-07-31 03:03:22    [wait] 18/18 still running, sleeping 300s
2026-07-31 03:08:23    [wait] 18/18 still running, sleeping 300s
2026-07-31 03:13:23    [wait] 18/18 still running, sleeping 300s
2026-07-31 03:18:23    [wait] 18/18 still running, sleeping 300s
2026-07-31 03:23:23    [wait] 18/18 still running, sleeping 300s
2026-07-31 03:28:23    [wait] 18/18 still running, sleeping 300s
2026-07-31 03:33:23    [wait] 18/18 still running, sleeping 300s
2026-07-31 03:38:23    [wait] 18/18 still running, sleeping 300s
2026-07-31 03:43:23    [wait] 18/18 still running, sleeping 300s
2026-07-31 03:48:23    [wait] 18/18 still running, sleeping 300s
2026-07-31 03:53:23    [wait] 18/18 still running, sleeping 300s
2026-07-31 03:58:23    [wait] 18/18 still running, sleeping 300s
2026-07-31 04:03:23    [wait] 18/18 still running, sleeping 300s
2026-07-31 04:08:23    [wait] 18/18 still running, sleeping 300s
2026-07-31 04:13:23    [wait] 18/18 still running, sleeping 300s
2026-07-31 04:18:23    [wait] 18/18 still running, sleeping 300s
2026-07-31 04:23:23    [wait] 18/18 still running, sleeping 300s
2026-07-31 04:28:23    [wait] 18/18 still running, sleeping 300s
2026-07-31 04:33:23    [wait] 18/18 still running, sleeping 300s
2026-07-31 04:38:23    [wait] 18/18 still running, sleeping 300s
2026-07-31 04:43:23    [wait] 18/18 still running, sleeping 300s
2026-07-31 04:48:23    [wait] 18/18 still running, sleeping 300s
2026-07-31 04:53:23    [wait] 18/18 still running, sleeping 300s
2026-07-31 04:58:24    [wait] 18/18 still running, sleeping 300s
2026-07-31 05:03:24    [wait] 18/18 still running, sleeping 300s
2026-07-31 05:08:24    [wait] 18/18 still running, sleeping 300s
2026-07-31 05:13:24    [wait] 18/18 still running, sleeping 300s
2026-07-31 05:18:24    [wait] 18/18 still running, sleeping 300s
2026-07-31 05:23:24    [wait] 18/18 still running, sleeping 300s
2026-07-31 05:28:24    [wait] 18/18 still running, sleeping 300s
2026-07-31 05:33:24    [wait] 18/18 still running, sleeping 300s
2026-07-31 05:38:24    [wait] 18/18 still running, sleeping 300s
2026-07-31 05:43:24    [wait] 18/18 still running, sleeping 300s
2026-07-31 05:48:24    [wait] 18/18 still running, sleeping 300s
2026-07-31 05:53:24    [wait] 18/18 still running, sleeping 300s
2026-07-31 05:58:24    [wait] 18/18 still running, sleeping 300s
2026-07-31 06:03:24    [wait] 18/18 still running, sleeping 300s
2026-07-31 06:08:24    [wait] 18/18 still running, sleeping 300s
2026-07-31 06:13:24    [wait] 18/18 still running, sleeping 300s
2026-07-31 06:18:24    [wait] 18/18 still running, sleeping 300s
2026-07-31 06:23:25    [wait] 18/18 still running, sleeping 300s
2026-07-31 06:28:25    [wait] 18/18 still running, sleeping 300s
2026-07-31 06:33:25    [wait] 18/18 still running, sleeping 300s
2026-07-31 06:38:25    [wait] 18/18 still running, sleeping 300s
2026-07-31 06:43:25    [wait] 18/18 still running, sleeping 300s
2026-07-31 06:48:25    [wait] 18/18 still running, sleeping 300s
2026-07-31 06:53:25    [wait] 18/18 still running, sleeping 300s
2026-07-31 06:58:25    [wait] 18/18 still running, sleeping 300s
2026-07-31 07:03:25    [wait] 18/18 still running, sleeping 300s
2026-07-31 07:08:25    [wait] 18/18 still running, sleeping 300s
2026-07-31 07:13:25    [wait] 18/18 still running, sleeping 300s
2026-07-31 07:18:25    [wait] 18/18 still running, sleeping 300s
2026-07-31 07:23:25    [wait] 18/18 still running, sleeping 300s
2026-07-31 07:28:25    [wait] 18/18 still running, sleeping 300s
2026-07-31 07:33:26    [wait] 18/18 still running, sleeping 300s
2026-07-31 07:38:26    [wait] 18/18 still running, sleeping 300s
2026-07-31 07:43:26    [wait] 18/18 still running, sleeping 300s
2026-07-31 07:48:26    [wait] 18/18 still running, sleeping 300s
2026-07-31 07:53:26    [wait] 18/18 still running, sleeping 300s
2026-07-31 07:58:26    [wait] 18/18 still running, sleeping 300s
2026-07-31 08:03:26    [wait] 18/18 still running, sleeping 300s
2026-07-31 08:08:26    [wait] 18/18 still running, sleeping 300s
2026-07-31 08:13:26    [wait] 18/18 still running, sleeping 300s
2026-07-31 08:18:26    [wait] 18/18 still running, sleeping 300s
2026-07-31 08:23:26    [wait] 18/18 still running, sleeping 300s
2026-07-31 08:28:26    [wait] 18/18 still running, sleeping 300s
2026-07-31 08:33:26    [wait] 18/18 still running, sleeping 300s
2026-07-31 08:38:26    [wait] 18/18 still running, sleeping 300s
2026-07-31 08:43:27    [wait] 18/18 still running, sleeping 300s
2026-07-31 08:48:27    [wait] 18/18 still running, sleeping 300s
2026-07-31 08:53:27    [wait] 18/18 still running, sleeping 300s
2026-07-31 08:58:27    [wait] 18/18 still running, sleeping 300s
2026-07-31 09:03:27    [wait] 18/18 still running, sleeping 300s
2026-07-31 09:08:27    [wait] 18/18 still running, sleeping 300s
2026-07-31 09:13:27    [wait] 18/18 still running, sleeping 300s
2026-07-31 09:18:27    [wait] 18/18 still running, sleeping 300s
2026-07-31 09:23:27    [wait] 18/18 still running, sleeping 300s
2026-07-31 09:28:27    [wait] 18/18 still running, sleeping 300s
2026-07-31 09:33:27    [wait] 18/18 still running, sleeping 300s
2026-07-31 09:38:27    [wait] 18/18 still running, sleeping 300s
2026-07-31 09:43:27    [wait] 18/18 still running, sleeping 300s
2026-07-31 09:48:27    [wait] 18/18 still running, sleeping 300s
2026-07-31 09:53:27    [wait] 18/18 still running, sleeping 300s
2026-07-31 09:58:27    [wait] 18/18 still running, sleeping 300s
2026-07-31 10:03:27    [wait] 18/18 still running, sleeping 300s
2026-07-31 10:08:27    [wait] 18/18 still running, sleeping 300s
2026-07-31 10:13:27    [wait] 18/18 still running, sleeping 300s
2026-07-31 10:18:27    [wait] 18/18 still running, sleeping 300s
2026-07-31 10:23:27    [wait] 18/18 still running, sleeping 300s
2026-07-31 10:28:28    [wait] 18/18 still running, sleeping 300s
2026-07-31 10:33:28    [wait] 18/18 still running, sleeping 300s
2026-07-31 10:38:28    [wait] 18/18 still running, sleeping 300s
2026-07-31 10:43:28    [wait] 18/18 still running, sleeping 300s
2026-07-31 10:48:28    [wait] 18/18 still running, sleeping 300s
2026-07-31 10:53:28    [wait] 18/18 still running, sleeping 300s
2026-07-31 10:58:28    [wait] 18/18 still running, sleeping 300s
2026-07-31 11:03:28    [wait] 18/18 still running, sleeping 300s
2026-07-31 11:08:28    [wait] 18/18 still running, sleeping 300s
2026-07-31 11:13:28    [wait] 18/18 still running, sleeping 300s
2026-07-31 11:18:28    [wait] 18/18 still running, sleeping 300s
2026-07-31 11:23:28    [wait] 18/18 still running, sleeping 300s
2026-07-31 11:28:28    [wait] 18/18 still running, sleeping 300s
2026-07-31 11:33:29    [wait] 18/18 still running, sleeping 300s
2026-07-31 11:38:29    [wait] 18/18 still running, sleeping 300s
2026-07-31 11:43:29    [wait] 18/18 still running, sleeping 300s
2026-07-31 11:48:29    [wait] 18/18 still running, sleeping 300s
2026-07-31 11:53:29    [wait] 18/18 still running, sleeping 300s
2026-07-31 11:58:29    [wait] 18/18 still running, sleeping 300s
2026-07-31 12:03:29    [wait] 18/18 still running, sleeping 300s
2026-07-31 12:08:29    [wait] 18/18 still running, sleeping 300s
2026-07-31 12:13:29    [wait] 18/18 still running, sleeping 300s
2026-07-31 12:18:29    [wait] 18/18 still running, sleeping 300s
2026-07-31 12:23:29    [wait] 18/18 still running, sleeping 300s
2026-07-31 12:28:29    [wait] 18/18 still running, sleeping 300s
2026-07-31 12:33:29    [wait] 18/18 still running, sleeping 300s
2026-07-31 12:38:29    [wait] 18/18 still running, sleeping 300s
2026-07-31 12:43:29    [wait] 18/18 still running, sleeping 300s
2026-07-31 12:48:29    [wait] 18/18 still running, sleeping 300s
2026-07-31 12:53:29    [wait] 18/18 still running, sleeping 300s
2026-07-31 12:58:29    [wait] 18/18 still running, sleeping 300s
2026-07-31 13:03:29    [wait] 18/18 still running, sleeping 300s
2026-07-31 13:08:29    [wait] 18/18 still running, sleeping 300s
2026-07-31 13:13:29    [wait] 18/18 still running, sleeping 300s
2026-07-31 13:18:30    [wait] 18/18 still running, sleeping 300s
2026-07-31 13:23:30    [wait] 18/18 still running, sleeping 300s
2026-07-31 13:28:30    [wait] 18/18 still running, sleeping 300s
2026-07-31 13:33:30    [wait] 18/18 still running, sleeping 300s
2026-07-31 13:38:30    [wait] 18/18 still running, sleeping 300s
2026-07-31 13:43:30    [wait] 18/18 still running, sleeping 300s
2026-07-31 13:48:30    [wait] 18/18 still running, sleeping 300s
2026-07-31 13:53:30    [wait] 18/18 still running, sleeping 300s
2026-07-31 13:58:30    [wait] 18/18 still running, sleeping 300s
2026-07-31 14:03:30    [wait] 18/18 still running, sleeping 300s
2026-07-31 14:08:30    [wait] 18/18 still running, sleeping 300s
2026-07-31 14:13:30    [wait] 18/18 still running, sleeping 300s
2026-07-31 14:18:30    [wait] 18/18 still running, sleeping 300s
2026-07-31 14:23:30    [wait] 18/18 still running, sleeping 300s
2026-07-31 14:28:30    [wait] 18/18 still running, sleeping 300s
2026-07-31 14:33:30    [wait] 18/18 still running, sleeping 300s
2026-07-31 14:38:30    [wait] 18/18 still running, sleeping 300s
2026-07-31 14:43:31    [wait] 18/18 still running, sleeping 300s
2026-07-31 14:48:31    [wait] 18/18 still running, sleeping 300s
2026-07-31 14:53:31    [wait] 18/18 still running, sleeping 300s
2026-07-31 14:58:31    [wait] 18/18 still running, sleeping 300s
2026-07-31 15:03:31    [wait] 18/18 still running, sleeping 300s
2026-07-31 15:08:31    [wait] 18/18 still running, sleeping 300s
2026-07-31 15:13:31    [wait] 18/18 still running, sleeping 300s
2026-07-31 15:18:31    [wait] 18/18 still running, sleeping 300s
2026-07-31 15:23:31    [wait] 18/18 still running, sleeping 300s
2026-07-31 15:28:31    [wait] 18/18 still running, sleeping 300s
2026-07-31 15:33:31    [wait] 18/18 still running, sleeping 300s
2026-07-31 15:38:31    [wait] 18/18 still running, sleeping 300s
2026-07-31 15:43:31    [wait] 18/18 still running, sleeping 300s
2026-07-31 15:48:32    [wait] 18/18 still running, sleeping 300s
2026-07-31 15:53:32    [wait] 18/18 still running, sleeping 300s
2026-07-31 15:58:32    [wait] 18/18 still running, sleeping 300s
2026-07-31 16:03:32    [wait] 18/18 still running, sleeping 300s
2026-07-31 16:08:32    [wait] 18/18 still running, sleeping 300s
2026-07-31 16:13:32    [wait] 18/18 still running, sleeping 300s
2026-07-31 16:18:33    [wait] 18/18 still running, sleeping 300s
2026-07-31 16:23:33    [wait] 18/18 still running, sleeping 300s
2026-07-31 16:28:33    [wait] 18/18 still running, sleeping 300s
2026-07-31 16:33:33    [wait] 18/18 still running, sleeping 300s
2026-07-31 16:38:33    [wait] 18/18 still running, sleeping 300s
2026-07-31 16:43:33    [wait] 18/18 still running, sleeping 300s
2026-07-31 16:48:33    [wait] 18/18 still running, sleeping 300s
2026-07-31 16:53:33    [wait] 18/18 still running, sleeping 300s
2026-07-31 16:58:33    [wait] 18/18 still running, sleeping 300s
2026-07-31 17:03:33    [wait] 18/18 still running, sleeping 300s
2026-07-31 17:08:33    [wait] 18/18 still running, sleeping 300s
2026-07-31 17:13:33    [wait] 18/18 still running, sleeping 300s
2026-07-31 17:18:33    [wait] 18/18 still running, sleeping 300s
2026-07-31 17:23:33    [wait] 18/18 still running, sleeping 300s
2026-07-31 17:28:33    [wait] 18/18 still running, sleeping 300s
2026-07-31 17:33:33    [wait] 18/18 still running, sleeping 300s
2026-07-31 17:38:33    [wait] 18/18 still running, sleeping 300s
2026-07-31 17:43:33    [wait] 18/18 still running, sleeping 300s
2026-07-31 17:48:33    [wait] 18/18 still running, sleeping 300s
2026-07-31 17:53:33    [wait] 18/18 still running, sleeping 300s
2026-07-31 17:58:33    [wait] 18/18 still running, sleeping 300s
2026-07-31 18:03:33    [wait] 18/18 still running, sleeping 300s
2026-07-31 18:08:34    [wait] 18/18 still running, sleeping 300s
2026-07-31 18:13:34    [wait] 18/18 still running, sleeping 300s
2026-07-31 18:18:34    [wait] 18/18 still running, sleeping 300s
2026-07-31 18:23:34    [wait] 18/18 still running, sleeping 300s
2026-07-31 18:28:34    [wait] 18/18 still running, sleeping 300s
2026-07-31 18:33:34    [wait] 18/18 still running, sleeping 300s
2026-07-31 18:38:34    [wait] 18/18 still running, sleeping 300s
2026-07-31 18:43:34    [wait] 18/18 still running, sleeping 300s
2026-07-31 18:48:34    [wait] 18/18 still running, sleeping 300s
2026-07-31 18:53:34    [wait] 18/18 still running, sleeping 300s
2026-07-31 18:58:34    [wait] 18/18 still running, sleeping 300s
2026-07-31 19:03:34    [wait] 18/18 still running, sleeping 300s
2026-07-31 19:08:34    [wait] 18/18 still running, sleeping 300s
2026-07-31 19:13:34    [wait] 18/18 still running, sleeping 300s
2026-07-31 19:18:34    [wait] 18/18 still running, sleeping 300s
2026-07-31 19:23:34    [wait] 18/18 still running, sleeping 300s
2026-07-31 19:28:35    [wait] 18/18 still running, sleeping 300s
2026-07-31 19:33:35    [wait] 18/18 still running, sleeping 300s
2026-07-31 19:38:35    [wait] 18/18 still running, sleeping 300s
2026-07-31 19:43:36    [wait] 18/18 still running, sleeping 300s
2026-07-31 19:48:36    [wait] 18/18 still running, sleeping 300s
2026-07-31 19:53:36    [wait] 18/18 still running, sleeping 300s
2026-07-31 19:58:36    [wait] 18/18 still running, sleeping 300s
2026-07-31 20:03:37    [wait] 18/18 still running, sleeping 300s
2026-07-31 20:08:37    [wait] 18/18 still running, sleeping 300s
2026-07-31 20:13:37    [wait] 18/18 still running, sleeping 300s
2026-07-31 20:18:37    [wait] 18/18 still running, sleeping 300s
2026-07-31 20:23:38    [wait] 18/18 still running, sleeping 300s
2026-07-31 20:28:38    [wait] 18/18 still running, sleeping 300s
2026-07-31 20:33:38    [wait] 18/18 still running, sleeping 300s
2026-07-31 20:38:38    [wait] 18/18 still running, sleeping 300s
2026-07-31 20:43:38    [wait] 18/18 still running, sleeping 300s
2026-07-31 20:48:38    [wait] 18/18 still running, sleeping 300s
2026-07-31 20:53:38    [wait] 18/18 still running, sleeping 300s
2026-07-31 20:58:39    [wait] 18/18 still running, sleeping 300s
2026-07-31 21:03:39    [wait] 18/18 still running, sleeping 300s
2026-07-31 21:08:39    [wait] 18/18 still running, sleeping 300s
2026-07-31 21:13:40    [wait] 18/18 still running, sleeping 300s
2026-07-31 21:18:40    [wait] 18/18 still running, sleeping 300s
2026-07-31 21:23:40    [wait] 18/18 still running, sleeping 300s
2026-07-31 21:28:40    [wait] 18/18 still running, sleeping 300s
2026-07-31 21:33:41    [wait] 18/18 still running, sleeping 300s
2026-07-31 21:38:41    [wait] 18/18 still running, sleeping 300s
2026-07-31 21:43:41    [wait] 18/18 still running, sleeping 300s
2026-07-31 21:48:41    [wait] 18/18 still running, sleeping 300s
2026-07-31 21:53:41    [wait] 18/18 still running, sleeping 300s
2026-07-31 21:58:41    [wait] 18/18 still running, sleeping 300s
2026-07-31 22:03:41    [wait] 18/18 still running, sleeping 300s
2026-07-31 22:08:42    [wait] 18/18 still running, sleeping 300s
2026-07-31 22:13:42    [wait] 18/18 still running, sleeping 300s
2026-07-31 22:18:42    [wait] 18/18 still running, sleeping 300s
2026-07-31 22:23:42    [wait] 18/18 still running, sleeping 300s
2026-07-31 22:28:42    [wait] 18/18 still running, sleeping 300s
2026-07-31 22:33:43    [wait] 18/18 still running, sleeping 300s
2026-07-31 22:38:43    [wait] 18/18 still running, sleeping 300s
2026-07-31 22:43:44    [wait] 18/18 still running, sleeping 300s
2026-07-31 22:48:45    [wait] 18/18 still running, sleeping 300s
2026-07-31 22:53:45    [wait] 18/18 still running, sleeping 300s
2026-07-31 22:58:45    [wait] 18/18 still running, sleeping 300s
2026-07-31 23:03:45    [wait] 18/18 still running, sleeping 300s
2026-07-31 23:08:45    [wait] 18/18 still running, sleeping 300s
2026-07-31 23:13:45    [wait] 18/18 still running, sleeping 300s
2026-07-31 23:18:45    [wait] 18/18 still running, sleeping 300s
2026-07-31 23:23:45    [wait] 18/18 still running, sleeping 300s
2026-07-31 23:28:45    [wait] 18/18 still running, sleeping 300s
2026-07-31 23:33:45    [wait] 18/18 still running, sleeping 300s
2026-07-31 23:38:45    [wait] 18/18 still running, sleeping 300s
2026-07-31 23:43:45    [wait] 18/18 still running, sleeping 300s
2026-07-31 23:48:46    [wait] 18/18 still running, sleeping 300s
2026-07-31 23:53:46    [wait] 18/18 still running, sleeping 300s
2026-07-31 23:58:46    [wait] 18/18 still running, sleeping 300s
2026-08-01 00:03:46    [wait] 18/18 still running, sleeping 300s
2026-08-01 00:08:46    [wait] 18/18 still running, sleeping 300s
2026-08-01 00:13:46    [wait] 18/18 still running, sleeping 300s
2026-08-01 00:18:46    [wait] 18/18 still running, sleeping 300s
2026-08-01 00:23:46    [wait] 18/18 still running, sleeping 300s
2026-08-01 00:28:46    [wait] 18/18 still running, sleeping 300s
2026-08-01 00:33:46    [wait] 18/18 still running, sleeping 300s
2026-08-01 00:38:46    [wait] 18/18 still running, sleeping 300s
2026-08-01 00:43:46    [wait] 18/18 still running, sleeping 300s
2026-08-01 00:48:46    [wait] 18/18 still running, sleeping 300s
2026-08-01 00:53:46    [wait] 18/18 still running, sleeping 300s
2026-08-01 00:58:46    [wait] 18/18 still running, sleeping 300s
2026-08-01 01:03:46    [wait] 18/18 still running, sleeping 300s
2026-08-01 01:08:46    [wait] 18/18 still running, sleeping 300s
2026-08-01 01:13:46    [wait] 18/18 still running, sleeping 300s
2026-08-01 01:18:47    [wait] 18/18 still running, sleeping 300s
2026-08-01 01:23:47    [wait] 18/18 still running, sleeping 300s
2026-08-01 01:28:47    [wait] 18/18 still running, sleeping 300s
2026-08-01 01:33:47    [wait] 18/18 still running, sleeping 300s
2026-08-01 01:38:47    [wait] 18/18 still running, sleeping 300s
2026-08-01 01:43:47    [wait] 18/18 still running, sleeping 300s
2026-08-01 01:48:47    [wait] 18/18 still running, sleeping 300s
2026-08-01 01:53:47    [wait] 18/18 still running, sleeping 300s
2026-08-01 01:58:47    [wait] 18/18 still running, sleeping 300s
2026-08-01 02:03:47    [wait] 18/18 still running, sleeping 300s
2026-08-01 02:08:47    [wait] 18/18 still running, sleeping 300s
2026-08-01 02:13:47    [wait] 18/18 still running, sleeping 300s
2026-08-01 02:18:47    [wait] 18/18 still running, sleeping 300s
2026-08-01 02:23:47    [wait] 18/18 still running, sleeping 300s
2026-08-01 02:28:47    [wait] 18/18 still running, sleeping 300s
2026-08-01 02:33:47    [wait] 18/18 still running, sleeping 300s
2026-08-01 02:38:47    [wait] 18/18 still running, sleeping 300s
2026-08-01 02:43:47    [wait] 18/18 still running, sleeping 300s
2026-08-01 02:48:47    [wait] 18/18 still running, sleeping 300s
2026-08-01 02:53:47    [wait] 18/18 still running, sleeping 300s
2026-08-01 02:58:47    [wait] 18/18 still running, sleeping 300s
2026-08-01 03:03:47    [wait] 18/18 still running, sleeping 300s
2026-08-01 03:08:47    [wait] 18/18 still running, sleeping 300s
2026-08-01 03:13:47    [wait] 18/18 still running, sleeping 300s
2026-08-01 03:18:47    [wait] 18/18 still running, sleeping 300s
2026-08-01 03:23:48    [wait] 18/18 still running, sleeping 300s
2026-08-01 03:28:48    [wait] 18/18 still running, sleeping 300s
2026-08-01 03:33:48    [wait] 18/18 still running, sleeping 300s
2026-08-01 03:38:48    [wait] 18/18 still running, sleeping 300s
2026-08-01 03:43:48    [wait] 18/18 still running, sleeping 300s
2026-08-01 03:48:48    [wait] 18/18 still running, sleeping 300s
2026-08-01 03:53:48    [wait] 18/18 still running, sleeping 300s
2026-08-01 03:58:48    [wait] 18/18 still running, sleeping 300s
2026-08-01 04:03:48    [wait] 18/18 still running, sleeping 300s
2026-08-01 04:08:48    [wait] 18/18 still running, sleeping 300s
2026-08-01 04:13:48    [wait] 18/18 still running, sleeping 300s
2026-08-01 04:18:48    [wait] 18/18 still running, sleeping 300s
2026-08-01 04:23:48    [wait] 18/18 still running, sleeping 300s
2026-08-01 04:28:48    [wait] 18/18 still running, sleeping 300s
2026-08-01 04:33:48    [wait] 18/18 still running, sleeping 300s
2026-08-01 04:38:48    [wait] 18/18 still running, sleeping 300s
2026-08-01 04:43:49    [wait] 18/18 still running, sleeping 300s
2026-08-01 04:48:49    [wait] 18/18 still running, sleeping 300s
2026-08-01 04:53:49    [wait] 18/18 still running, sleeping 300s
2026-08-01 04:58:49    [wait] 18/18 still running, sleeping 300s
2026-08-01 05:03:49    [wait] 18/18 still running, sleeping 300s
2026-08-01 05:08:49    [wait] 18/18 still running, sleeping 300s
2026-08-01 05:13:49    [wait] 18/18 still running, sleeping 300s
2026-08-01 05:18:49    [wait] 18/18 still running, sleeping 300s
2026-08-01 05:23:49    [wait] 18/18 still running, sleeping 300s
2026-08-01 05:28:49    [wait] 18/18 still running, sleeping 300s
2026-08-01 05:33:49    [wait] 18/18 still running, sleeping 300s
2026-08-01 05:38:49    [wait] 18/18 still running, sleeping 300s
2026-08-01 05:43:49    [wait] 18/18 still running, sleeping 300s
2026-08-01 05:48:49    [wait] 18/18 still running, sleeping 300s
2026-08-01 05:53:49    [wait] 18/18 still running, sleeping 300s
2026-08-01 05:58:49    [wait] 18/18 still running, sleeping 300s
2026-08-01 06:03:49    [wait] 18/18 still running, sleeping 300s
2026-08-01 06:08:49    [wait] 18/18 still running, sleeping 300s
2026-08-01 06:13:49    [wait] 18/18 still running, sleeping 300s
2026-08-01 06:18:49    [wait] 18/18 still running, sleeping 300s
2026-08-01 06:23:49    [wait] 18/18 still running, sleeping 300s
2026-08-01 06:28:50    [wait] 18/18 still running, sleeping 300s
2026-08-01 06:33:50    [wait] 18/18 still running, sleeping 300s
2026-08-01 06:38:50    [wait] 18/18 still running, sleeping 300s
2026-08-01 06:43:50    [wait] 18/18 still running, sleeping 300s
2026-08-01 06:48:50    [wait] 18/18 still running, sleeping 300s
2026-08-01 06:53:50    [wait] 18/18 still running, sleeping 300s
2026-08-01 06:58:50    [wait] 18/18 still running, sleeping 300s
2026-08-01 07:03:50    [wait] 18/18 still running, sleeping 300s
2026-08-01 07:08:50    [wait] 18/18 still running, sleeping 300s
2026-08-01 07:13:50    [wait] 18/18 still running, sleeping 300s
2026-08-01 07:18:50    [wait] 18/18 still running, sleeping 300s
2026-08-01 07:23:50    [wait] 18/18 still running, sleeping 300s
2026-08-01 07:28:50    [wait] 18/18 still running, sleeping 300s
2026-08-01 07:33:50    [wait] 18/18 still running, sleeping 300s
2026-08-01 07:38:50    [wait] 18/18 still running, sleeping 300s
2026-08-01 07:43:50    [wait] 18/18 still running, sleeping 300s
2026-08-01 07:48:50    [wait] 18/18 still running, sleeping 300s
2026-08-01 07:53:50    [wait] 18/18 still running, sleeping 300s
2026-08-01 07:58:50    [wait] 18/18 still running, sleeping 300s
2026-08-01 08:03:50    [wait] 18/18 still running, sleeping 300s
2026-08-01 08:08:50    [wait] 18/18 still running, sleeping 300s
2026-08-01 08:13:50    [wait] 18/18 still running, sleeping 300s
2026-08-01 08:18:50    [wait] 18/18 still running, sleeping 300s
2026-08-01 08:23:50    [wait] 18/18 still running, sleeping 300s
2026-08-01 08:28:50    [wait] 18/18 still running, sleeping 300s
2026-08-01 08:33:50    [wait] 18/18 still running, sleeping 300s
2026-08-01 08:38:51    [wait] 18/18 still running, sleeping 300s
2026-08-01 08:43:51    [wait] 18/18 still running, sleeping 300s
2026-08-01 08:48:51    [wait] 18/18 still running, sleeping 300s
2026-08-01 08:53:51    [wait] 18/18 still running, sleeping 300s
2026-08-01 08:58:51    [wait] 18/18 still running, sleeping 300s
2026-08-01 09:03:51    [wait] 18/18 still running, sleeping 300s
2026-08-01 09:08:51    [wait] 18/18 still running, sleeping 300s
2026-08-01 09:13:51    [wait] 18/18 still running, sleeping 300s
2026-08-01 09:18:52    [wait] 18/18 still running, sleeping 300s
2026-08-01 09:23:52    [wait] 18/18 still running, sleeping 300s
2026-08-01 09:28:52    [wait] 18/18 still running, sleeping 300s
2026-08-01 09:33:52    [wait] 18/18 still running, sleeping 300s
2026-08-01 09:38:52    [wait] 18/18 still running, sleeping 300s
2026-08-01 09:43:52    [wait] 18/18 still running, sleeping 300s
2026-08-01 09:48:52    [wait] 18/18 still running, sleeping 300s
2026-08-01 09:53:52    [wait] 18/18 still running, sleeping 300s
2026-08-01 09:58:52    [wait] 18/18 still running, sleeping 300s
2026-08-01 10:03:52    [wait] 18/18 still running, sleeping 300s
2026-08-01 10:08:52    [wait] 18/18 still running, sleeping 300s
2026-08-01 10:13:52    [wait] 18/18 still running, sleeping 300s
2026-08-01 10:18:52    [wait] 18/18 still running, sleeping 300s
2026-08-01 10:23:52    [wait] 18/18 still running, sleeping 300s
2026-08-01 10:28:52    [wait] 18/18 still running, sleeping 300s
2026-08-01 10:33:52    [wait] 18/18 still running, sleeping 300s
2026-08-01 10:38:52    [wait] 18/18 still running, sleeping 300s
2026-08-01 10:43:52    [wait] 18/18 still running, sleeping 300s
2026-08-01 10:48:52    [wait] 18/18 still running, sleeping 300s
2026-08-01 10:53:52    [wait] 18/18 still running, sleeping 300s
2026-08-01 10:58:52    [wait] 18/18 still running, sleeping 300s
2026-08-01 11:03:52    [wait] 18/18 still running, sleeping 300s
2026-08-01 11:08:52    [wait] 18/18 still running, sleeping 300s
2026-08-01 11:13:52    [wait] 18/18 still running, sleeping 300s
2026-08-01 11:18:52    [wait] 18/18 still running, sleeping 300s
2026-08-01 11:23:52    [wait] 18/18 still running, sleeping 300s
2026-08-01 11:28:52    [wait] 18/18 still running, sleeping 300s
2026-08-01 11:33:52    [wait] 18/18 still running, sleeping 300s
2026-08-01 11:38:52    [wait] 18/18 still running, sleeping 300s
2026-08-01 11:43:52    [wait] 18/18 still running, sleeping 300s
2026-08-01 11:48:53    [wait] 18/18 still running, sleeping 300s
2026-08-01 11:53:53    [wait] 18/18 still running, sleeping 300s
2026-08-01 11:58:53    [wait] 18/18 still running, sleeping 300s
2026-08-01 12:03:53    [wait] 18/18 still running, sleeping 300s
2026-08-01 12:08:53    [wait] 18/18 still running, sleeping 300s
2026-08-01 12:13:53    [wait] 17/18 still running, sleeping 300s
2026-08-01 12:18:53    [wait] 17/18 still running, sleeping 300s
2026-08-01 12:23:53    [wait] 17/18 still running, sleeping 300s
2026-08-01 12:28:53    [wait] 17/18 still running, sleeping 300s
2026-08-01 12:33:53    [wait] 17/18 still running, sleeping 300s
2026-08-01 12:38:53    [wait] 17/18 still running, sleeping 300s
2026-08-01 12:43:53    [wait] 17/18 still running, sleeping 300s
2026-08-01 12:48:53    [wait] 16/18 still running, sleeping 300s
2026-08-01 12:53:53    [wait] 16/18 still running, sleeping 300s
2026-08-01 12:58:54    [wait] 13/18 still running, sleeping 300s
2026-08-01 13:03:54    [wait] 12/18 still running, sleeping 300s
2026-08-01 13:08:54    [wait] 9/18 still running, sleeping 300s
2026-08-01 13:13:54    [wait] 6/18 still running, sleeping 300s
2026-08-01 13:18:54    [wait] 6/18 still running, sleeping 300s
2026-08-01 13:23:55    [wait] 6/18 still running, sleeping 300s
2026-08-01 13:28:55    [wait] 6/18 still running, sleeping 300s
2026-08-01 13:33:55    [wait] 6/18 still running, sleeping 300s
2026-08-01 13:38:56    [wait] 6/18 still running, sleeping 300s
2026-08-01 13:43:56    [wait] 6/18 still running, sleeping 300s
2026-08-01 13:48:57    [wait] 6/18 still running, sleeping 300s
2026-08-01 13:53:57    [wait] 6/18 still running, sleeping 300s
2026-08-01 13:58:57    [wait] 6/18 still running, sleeping 300s
2026-08-01 14:03:58    [wait] 6/18 still running, sleeping 300s
2026-08-01 14:08:58    [wait] 6/18 still running, sleeping 300s
2026-08-01 14:13:58    [wait] 6/18 still running, sleeping 300s
2026-08-01 14:18:58    [wait] 6/18 still running, sleeping 300s
2026-08-01 14:23:59    [wait] 6/18 still running, sleeping 300s
2026-08-01 14:28:59    [wait] 6/18 still running, sleeping 300s
2026-08-01 14:34:00    [wait] 6/18 still running, sleeping 300s
2026-08-01 14:39:00    [wait] 6/18 still running, sleeping 300s
2026-08-01 14:44:00    [wait] 6/18 still running, sleeping 300s
2026-08-01 14:49:00    [wait] 6/18 still running, sleeping 300s
2026-08-01 14:54:00    [wait] 6/18 still running, sleeping 300s
2026-08-01 14:59:00    [wait] 6/18 still running, sleeping 300s
2026-08-01 15:04:00    [wait] 6/18 still running, sleeping 300s
2026-08-01 15:09:01    [wait] 6/18 still running, sleeping 300s
2026-08-01 15:14:01    [wait] 6/18 still running, sleeping 300s
2026-08-01 15:19:01    [wait] 6/18 still running, sleeping 300s
2026-08-01 15:24:01    [wait] 6/18 still running, sleeping 300s
2026-08-01 15:29:01    [wait] 6/18 still running, sleeping 300s
2026-08-01 15:34:01    [wait] 6/18 still running, sleeping 300s
2026-08-01 15:39:01    [wait] 6/18 still running, sleeping 300s
2026-08-01 15:44:01    [wait] 6/18 still running, sleeping 300s
2026-08-01 15:49:01    [wait] 6/18 still running, sleeping 300s
2026-08-01 15:54:01    [wait] 6/18 still running, sleeping 300s
2026-08-01 15:59:01    [wait] 6/18 still running, sleeping 300s
2026-08-01 16:04:01    [wait] 6/18 still running, sleeping 300s
2026-08-01 16:09:01    [wait] 6/18 still running, sleeping 300s
2026-08-01 16:14:01    [wait] 6/18 still running, sleeping 300s
2026-08-01 16:19:02    [wait] 6/18 still running, sleeping 300s
2026-08-01 16:24:02    [wait] 6/18 still running, sleeping 300s
2026-08-01 16:29:02    [wait] 6/18 still running, sleeping 300s
2026-08-01 16:34:02    [wait] 6/18 still running, sleeping 300s
2026-08-01 16:39:02    [wait] 6/18 still running, sleeping 300s
2026-08-01 16:44:02    [wait] 6/18 still running, sleeping 300s
2026-08-01 16:49:02    [wait] 6/18 still running, sleeping 300s
2026-08-01 16:54:02    [wait] 6/18 still running, sleeping 300s
2026-08-01 16:59:02    [wait] 6/18 still running, sleeping 300s
2026-08-01 17:04:02    [wait] 6/18 still running, sleeping 300s
2026-08-01 17:09:02    [wait] 6/18 still running, sleeping 300s
2026-08-01 17:14:02    [wait] 6/18 still running, sleeping 300s
2026-08-01 17:19:02    [wait] 6/18 still running, sleeping 300s
2026-08-01 17:24:02    [wait] 5/18 still running, sleeping 300s
2026-08-01 17:29:02    [wait] 3/18 still running, sleeping 300s
2026-08-01 17:34:02    [wait] 3/18 still running, sleeping 300s
2026-08-01 17:39:02    [wait] 2/18 still running, sleeping 300s
2026-08-01 17:44:02    [wait] 1/18 still running, sleeping 300s
2026-08-01 17:49:02  trial 50: ov_dsc=0.0909 ut_dsc=0.5356 objective[weighted]=0.2688
2026-08-01 17:49:03  trial 51: ov_dsc=0.2063 ut_dsc=0.5535 objective[weighted]=0.3452
2026-08-01 17:49:04  trial 52: ov_dsc=0.0808 ut_dsc=0.5333 objective[weighted]=0.2618
2026-08-01 17:49:04  trial 53: ov_dsc=0.1510 ut_dsc=0.5237 objective[weighted]=0.3001
2026-08-01 17:49:04  trial 54: ov_dsc=0.2012 ut_dsc=0.5782 objective[weighted]=0.3520
2026-08-01 17:49:04  trial 55: ov_dsc=0.1954 ut_dsc=0.5508 objective[weighted]=0.3376
2026-08-01 17:49:04  progress: 40/40 complete
2026-08-01 17:49:04  === sweep complete ===
2026-08-01 17:49:04  best trial: #35  objective=0.3663  params={'ovary_target': 0.24724524993972172, 'iscs_alpha': 0.013140315717808215, 'iscs_lowpass_sigma': 2.2341334587102213, 'z_smooth_sigma': 1.2048926231696264, 'body_mask': 1, 'hist_match': 1, 'skip_enh': 1}
